/*
 Navicat Premium Data Transfer

 Source Server         : localhost_3306
 Source Server Type    : MySQL
 Source Server Version : 80020
 Source Host           : 127.0.0.1:3306
 Source Schema         : crm

 Target Server Type    : MySQL
 Target Server Version : 80020
 File Encoding         : 65001

 Date: 27/02/2024 15:00:32
*/

SET NAMES utf8mb4;
SET FOREIGN_KEY_CHECKS = 0;

-- ----------------------------
-- Table structure for tb_crm_announcement
-- ----------------------------
DROP TABLE IF EXISTS `tb_crm_announcement`;
CREATE TABLE `tb_crm_announcement`  (
  `ANNOUNCEMENTID` varchar(32) CHARACTER SET utf8mb4 COLLATE utf8mb4_unicode_ci NOT NULL,
  `ORDERID` int(0) NULL DEFAULT NULL,
  `USERID` varchar(32) CHARACTER SET utf8mb4 COLLATE utf8mb4_unicode_ci NULL DEFAULT NULL,
  `TITLE` varchar(50) CHARACTER SET utf8mb4 COLLATE utf8mb4_unicode_ci NULL DEFAULT NULL,
  `CONTENT` longtext CHARACTER SET utf8mb4 COLLATE utf8mb4_unicode_ci NULL,
  `CREATETIME` timestamp(6) NULL DEFAULT NULL,
  `UPDATETIME` timestamp(6) NULL DEFAULT NULL,
  `COLOR` varchar(50) CHARACTER SET utf8mb4 COLLATE utf8mb4_unicode_ci NULL DEFAULT NULL,
  `DEPARTMENT` varchar(32) CHARACTER SET utf8mb4 COLLATE utf8mb4_unicode_ci NULL DEFAULT NULL,
  `STATUS` int(0) NULL DEFAULT NULL,
  `ISSHOW` int(0) NULL DEFAULT NULL,
  PRIMARY KEY (`ANNOUNCEMENTID`) USING BTREE,
  INDEX `FK_DEPARTMENT_ANNOUNCEMENT`(`DEPARTMENT`) USING BTREE,
  INDEX `FK_SYSTEM_USER_ANNOUNCEMENT`(`USERID`) USING BTREE,
  CONSTRAINT `FK_DEPARTMENT_ANNOUNCEMENT` FOREIGN KEY (`DEPARTMENT`) REFERENCES `tb_crm_department` (`DEPARTMENTID`) ON DELETE RESTRICT ON UPDATE RESTRICT,
  CONSTRAINT `FK_SYSTEM_USER_ANNOUNCEMENT` FOREIGN KEY (`USERID`) REFERENCES `tb_system_user` (`ID`) ON DELETE RESTRICT ON UPDATE RESTRICT
) ENGINE = InnoDB CHARACTER SET = utf8mb4 COLLATE = utf8mb4_unicode_ci ROW_FORMAT = Dynamic;

-- ----------------------------
-- Records of tb_crm_announcement
-- ----------------------------
INSERT INTO `tb_crm_announcement` VALUES ('40288a075d4022bd015d402395290000', 1, '40288a885cedc960015cedc965cc0000', '销售部周六开会', NULL, '2014-07-17 04:07:40.000000', '2014-07-17 04:07:40.000000', '绿色', '1', 0, 0);
INSERT INTO `tb_crm_announcement` VALUES ('40288a075d40b6f5015d40b89b040000', 2, '40288a885cedc960015cedc965cc0000', '后勤部请上台', NULL, '2014-07-17 06:51:15.000000', '2014-07-17 06:51:15.000000', '黑色', 'f5ce0e5fa94a41fdb135ec029dd8f3c8', 0, 0);
INSERT INTO `tb_crm_announcement` VALUES ('40288a7d5d44202e015d444df43f000a', 1, '40288a885cedc960015cedc965cc0000', '周六开会', NULL, '2015-07-17 11:32:25.000000', '2015-07-17 11:32:25.000000', '白色', '1', 0, 0);

-- ----------------------------
-- Table structure for tb_crm_business
-- ----------------------------
DROP TABLE IF EXISTS `tb_crm_business`;
CREATE TABLE `tb_crm_business`  (
  `BUSINESSID` varchar(32) CHARACTER SET utf8mb4 COLLATE utf8mb4_unicode_ci NOT NULL,
  `NAME` varchar(255) CHARACTER SET utf8mb4 COLLATE utf8mb4_unicode_ci NULL DEFAULT NULL,
  `ORIGIN` varchar(255) CHARACTER SET utf8mb4 COLLATE utf8mb4_unicode_ci NULL DEFAULT NULL,
  `TYPE` varchar(200) CHARACTER SET utf8mb4 COLLATE utf8mb4_unicode_ci NULL DEFAULT NULL,
  `ESTIMATEPRICE` int(0) NULL DEFAULT NULL,
  `CUSTOMERID` varchar(32) CHARACTER SET utf8mb4 COLLATE utf8mb4_unicode_ci NULL DEFAULT NULL,
  `CREATORUSERID` varchar(32) CHARACTER SET utf8mb4 COLLATE utf8mb4_unicode_ci NULL DEFAULT NULL,
  `OWNERUSERID` varchar(32) CHARACTER SET utf8mb4 COLLATE utf8mb4_unicode_ci NULL DEFAULT NULL,
  `GAINRATE` int(0) NULL DEFAULT NULL,
  `TOTALAMOUNT` int(0) NULL DEFAULT NULL,
  `SUBTOTALVAL` int(0) NULL DEFAULT NULL,
  `DISCOUNTPRICE` int(0) NULL DEFAULT NULL,
  `SALESPRICE` int(0) NULL DEFAULT NULL,
  `DUEDATE` timestamp(6) NULL DEFAULT NULL,
  `CREATETIME` timestamp(6) NULL DEFAULT NULL,
  `UPDATETIME` timestamp(6) NULL DEFAULT NULL,
  `UPDATEUSERID` varchar(32) CHARACTER SET utf8mb4 COLLATE utf8mb4_unicode_ci NULL DEFAULT NULL,
  `STATUSID` varchar(32) CHARACTER SET utf8mb4 COLLATE utf8mb4_unicode_ci NULL DEFAULT NULL,
  `TOTALPRICE` int(0) NULL DEFAULT NULL,
  `NEXTSTEP` varchar(100) CHARACTER SET utf8mb4 COLLATE utf8mb4_unicode_ci NULL DEFAULT NULL,
  `NEXTSTEPTIME` timestamp(6) NULL DEFAULT NULL,
  `ISDELETED` int(0) NULL DEFAULT NULL,
  `DELETEUSERID` varchar(32) CHARACTER SET utf8mb4 COLLATE utf8mb4_unicode_ci NULL DEFAULT NULL,
  `DELETETIME` timestamp(6) NULL DEFAULT NULL,
  `CONTACTSID` varchar(32) CHARACTER SET utf8mb4 COLLATE utf8mb4_unicode_ci NULL DEFAULT NULL,
  `CONTRACTADDRESS` varchar(255) CHARACTER SET utf8mb4 COLLATE utf8mb4_unicode_ci NULL DEFAULT NULL,
  `DESCRIPTION` varchar(255) CHARACTER SET utf8mb4 COLLATE utf8mb4_unicode_ci NULL DEFAULT NULL,
  PRIMARY KEY (`BUSINESSID`) USING BTREE,
  INDEX `PK_CONTACTS`(`CONTACTSID`) USING BTREE,
  INDEX `PK_CREATORUSER`(`CREATORUSERID`) USING BTREE,
  INDEX `PK_CREATORUSER1`(`OWNERUSERID`) USING BTREE,
  INDEX `PK_CUSTOMER`(`CUSTOMERID`) USING BTREE,
  INDEX `PK_DELETE`(`DELETEUSERID`) USING BTREE,
  INDEX `PK_STATUSID`(`STATUSID`) USING BTREE,
  INDEX `PK_UPDATE`(`UPDATEUSERID`) USING BTREE,
  CONSTRAINT `PK_CONTACTS` FOREIGN KEY (`CONTACTSID`) REFERENCES `tb_crm_contacts` (`CONTACTSID`) ON DELETE RESTRICT ON UPDATE RESTRICT,
  CONSTRAINT `PK_CREATORUSER` FOREIGN KEY (`CREATORUSERID`) REFERENCES `tb_system_user` (`ID`) ON DELETE RESTRICT ON UPDATE RESTRICT,
  CONSTRAINT `PK_CREATORUSER1` FOREIGN KEY (`OWNERUSERID`) REFERENCES `tb_system_user` (`ID`) ON DELETE RESTRICT ON UPDATE RESTRICT,
  CONSTRAINT `PK_CUSTOMER` FOREIGN KEY (`CUSTOMERID`) REFERENCES `tb_crm_customer` (`CUSTOMERID`) ON DELETE RESTRICT ON UPDATE RESTRICT,
  CONSTRAINT `PK_DELETE` FOREIGN KEY (`DELETEUSERID`) REFERENCES `tb_system_user` (`ID`) ON DELETE RESTRICT ON UPDATE RESTRICT,
  CONSTRAINT `PK_STATUSID` FOREIGN KEY (`STATUSID`) REFERENCES `tb_crm_business_status` (`STATUSID`) ON DELETE RESTRICT ON UPDATE RESTRICT,
  CONSTRAINT `PK_UPDATE` FOREIGN KEY (`UPDATEUSERID`) REFERENCES `tb_system_user` (`ID`) ON DELETE RESTRICT ON UPDATE RESTRICT
) ENGINE = InnoDB CHARACTER SET = utf8mb4 COLLATE = utf8mb4_unicode_ci ROW_FORMAT = Dynamic;

-- ----------------------------
-- Records of tb_crm_business
-- ----------------------------
INSERT INTO `tb_crm_business` VALUES ('260D46A564664FE3B27BC167C9BD4188', '航行通告网站', '网络营销', '新业务', 15000, '40288a7c5d3f85dc015d3f9c223a0008', '40288a885cedc960015cedc965cc0000', '40288a885cedc960015cedc965cc0000', 70, NULL, NULL, NULL, 40000, NULL, '2011-07-17 08:23:27.000000', '2014-07-17 08:20:54.000000', '40288a885cedc960015cedc965cc0000', '40288a7c5d3a0029015d3a339de7000d', NULL, '加强交流', '2015-08-17 08:20:00.000000', NULL, NULL, NULL, '40288a7c5d3f85dc015d3f9c223b0009', '广州新开发区', '加紧项目');
INSERT INTO `tb_crm_business` VALUES ('3639B0EA4BD54161A76EA1846B2751E1', '开心社区项目', '网络营销', '新业务', 30000, '40288a7c5d3f85dc015d3f9c223a0008', '40288a885cedc960015cedc965cc0000', '40288a885cedc960015cedc965cc0000', 80, NULL, NULL, NULL, 30000, NULL, '2011-07-17 08:23:22.000000', '2014-07-17 08:19:47.000000', '40288a885cedc960015cedc965cc0000', '40288a7c5d3a0029015d3a331042000c', NULL, '加深交流', '2014-07-17 08:19:00.000000', NULL, NULL, NULL, '40288a7c5d3f85dc015d3f9c223b0009', '湖北黄石', '项目仍需努力');
INSERT INTO `tb_crm_business` VALUES ('40288a7c5d400059015d400127ce0000', '轩辕文化信息传播平台', '网络营销', '从已有客户产生的业务', 30000, '4028b8815cee7a04015cee7a07680000', '40288a885cedc960015cedc965cc0000', '40288a885cedc960015cedc965cc0000', 90, NULL, NULL, NULL, 30000, NULL, '2012-07-17 08:23:00.000000', '2014-07-17 08:43:43.000000', '40288a885cedc960015cedc965cc0000', '40288a7c5d3a0029015d3a341a53000e', NULL, '聊聊设计', '2014-07-17 03:29:00.000000', NULL, NULL, NULL, '40288a885cedc960015cedc965cc1213', '北京新开发区 ', '继续努力!');
INSERT INTO `tb_crm_business` VALUES ('40288a7c5d4016e6015d40199e7e0000', '轩辕文化客户服务平台', '社区营销', '新业务', 30000, '4028b8815cee7a04015cee7a07680000', '40288a885cedc960015cedc965cc0000', '40288a885cedc960015cedc965cc0000', 90, NULL, NULL, NULL, 30000, NULL, '2012-07-17 08:23:00.000000', '2014-07-17 08:54:49.000000', '40288a885cedc960015cedc965cc0000', '40288a7c5d3a0029015d3a339de7000d', NULL, '进行交流', '2014-07-17 03:56:00.000000', NULL, NULL, NULL, '40288a885cedc960015cedc965cc1212', '北京', '继续努力');
INSERT INTO `tb_crm_business` VALUES ('40288a7c5d402873015d402b7e1b0003', '兴达资源服务平台', '社区营销', '新业务', 25000, '4028b8815cee7a04015cee7a07680000', '40288a885cedc960015cedc965cc0000', '40288a885cedc960015cedc965cc0000', 90, NULL, NULL, NULL, 25000, NULL, '2006-07-17 08:23:00.000000', '2015-07-17 10:23:21.000000', '40288a885cedc960015cedc965cc0000', '40288a7c5d3a0029015d3a331042000c', NULL, '准备验货', '2014-07-17 04:16:00.000000', NULL, NULL, NULL, '40288a885cedc960015cedc965cc1213', '天津', '认真检查');
INSERT INTO `tb_crm_business` VALUES ('40288a7c5d40ff12015d410390af0001', '丰汇国际管理平台', '网络营销', '从已有客户产生的业务', 20000, '4028b8815d3f2d03015d3f2f31ae0000', '40288a885cedc960015cedc965cc0000', '40288a885cedc960015cedc965cc0000', 90, NULL, NULL, NULL, 20000, NULL, '2028-06-17 08:23:18.000000', '2014-07-17 08:14:33.000000', '40288a885cedc960015cedc965cc0000', '40288a7c5d3a0029015d3a347895000f', NULL, '交款验货', '2025-07-17 08:10:00.000000', NULL, NULL, NULL, '4028b8815d3f2d03015d3f2f31cf0001', '广东汉北市', '制作终于完成了');
INSERT INTO `tb_crm_business` VALUES ('40288a7d5d44202e015d442fc3e70003', '轩辕商务平台', '微信的营销', '微信业务产生的新业务', 20000, '4028b8815cee7a04015cee7a07680000', '40288a885cedc960015cedc965cc0000', '40288a7c5d3f85dc015d3f8956ec0001', 90, NULL, NULL, NULL, 30000, NULL, '2015-07-17 10:59:00.000000', '2015-07-17 11:00:04.000000', '40288a885cedc960015cedc965cc0000', '40288a7c5d3a0029015d3a347895000f', NULL, '嘉盛交流', '2019-07-17 10:59:00.000000', NULL, NULL, NULL, '40288a885cedc960015cedc965cc1212', '武汉洪山区', '继续努力');

-- ----------------------------
-- Table structure for tb_crm_business_status
-- ----------------------------
DROP TABLE IF EXISTS `tb_crm_business_status`;
CREATE TABLE `tb_crm_business_status`  (
  `STATUSID` varchar(32) CHARACTER SET utf8mb4 COLLATE utf8mb4_unicode_ci NOT NULL,
  `NAME` varchar(20) CHARACTER SET utf8mb4 COLLATE utf8mb4_unicode_ci NULL DEFAULT NULL,
  `ORDERID` int(0) NULL DEFAULT NULL,
  `ISEND` int(0) NULL DEFAULT NULL,
  `DESCRIPTION` varchar(200) CHARACTER SET utf8mb4 COLLATE utf8mb4_unicode_ci NULL DEFAULT NULL,
  PRIMARY KEY (`STATUSID`) USING BTREE
) ENGINE = InnoDB CHARACTER SET = utf8mb4 COLLATE = utf8mb4_unicode_ci ROW_FORMAT = Dynamic;

-- ----------------------------
-- Records of tb_crm_business_status
-- ----------------------------
INSERT INTO `tb_crm_business_status` VALUES ('097D18EA93EF4810955645C9B4168BA7', '意向客户', 0, 0, NULL);
INSERT INTO `tb_crm_business_status` VALUES ('40288a7c5d3a0029015d3a331042000c', '深度沟通', 2, 0, NULL);
INSERT INTO `tb_crm_business_status` VALUES ('40288a7c5d3a0029015d3a339de7000d', '签订合同', 3, 0, NULL);
INSERT INTO `tb_crm_business_status` VALUES ('40288a7c5d3a0029015d3a341a53000e', '设计制作', 4, 0, NULL);
INSERT INTO `tb_crm_business_status` VALUES ('40288a7c5d3a0029015d3a347895000f', '制作完成', 5, 0, NULL);
INSERT INTO `tb_crm_business_status` VALUES ('40288a7c5d3a0029015d3a35024f0010', '项目成功', 6, 1, NULL);
INSERT INTO `tb_crm_business_status` VALUES ('40288a7c5d3a0029015d3a3590ab0011', '项目失败', 7, 1, NULL);
INSERT INTO `tb_crm_business_status` VALUES ('456D3CDD8E14432DBDBEDC18AD3E7C3F', '初步沟通', 1, 0, NULL);

-- ----------------------------
-- Table structure for tb_crm_contacts
-- ----------------------------
DROP TABLE IF EXISTS `tb_crm_contacts`;
CREATE TABLE `tb_crm_contacts`  (
  `CONTACTSID` varchar(32) CHARACTER SET utf8mb4 COLLATE utf8mb4_unicode_ci NOT NULL,
  `CREATORUSERID` varchar(32) CHARACTER SET utf8mb4 COLLATE utf8mb4_unicode_ci NULL DEFAULT NULL,
  `NAME` varchar(50) CHARACTER SET utf8mb4 COLLATE utf8mb4_unicode_ci NULL DEFAULT NULL,
  `POST` varchar(20) CHARACTER SET utf8mb4 COLLATE utf8mb4_unicode_ci NULL DEFAULT NULL,
  `DEPARTMENT` varchar(20) CHARACTER SET utf8mb4 COLLATE utf8mb4_unicode_ci NULL DEFAULT NULL,
  `SEX` int(0) NULL DEFAULT NULL,
  `SALTNAME` varchar(20) CHARACTER SET utf8mb4 COLLATE utf8mb4_unicode_ci NULL DEFAULT NULL,
  `TELEPHONE` varchar(20) CHARACTER SET utf8mb4 COLLATE utf8mb4_unicode_ci NULL DEFAULT NULL,
  `EMAIL` varchar(50) CHARACTER SET utf8mb4 COLLATE utf8mb4_unicode_ci NULL DEFAULT NULL,
  `QQNO` varchar(50) CHARACTER SET utf8mb4 COLLATE utf8mb4_unicode_ci NULL DEFAULT NULL,
  `ADDRESS` varchar(50) CHARACTER SET utf8mb4 COLLATE utf8mb4_unicode_ci NULL DEFAULT NULL,
  `ZIPCODE` varchar(20) CHARACTER SET utf8mb4 COLLATE utf8mb4_unicode_ci NULL DEFAULT NULL,
  `DESCRIPTION` varchar(100) CHARACTER SET utf8mb4 COLLATE utf8mb4_unicode_ci NULL DEFAULT NULL,
  `CREATETIME` timestamp(6) NULL DEFAULT NULL,
  `UPDATDTIME` timestamp(6) NULL DEFAULT NULL,
  `ISDELETED` int(0) NULL DEFAULT NULL,
  `DELETEUSERID` varchar(32) CHARACTER SET utf8mb4 COLLATE utf8mb4_unicode_ci NULL DEFAULT NULL,
  `DELETETIME` timestamp(6) NULL DEFAULT NULL,
  `CUSTOMERID` varchar(32) CHARACTER SET utf8mb4 COLLATE utf8mb4_unicode_ci NULL DEFAULT NULL,
  `FIRSTCONTACTSID` varchar(32) CHARACTER SET utf8mb4 COLLATE utf8mb4_unicode_ci NULL DEFAULT NULL,
  `ISFIRST` int(0) NULL DEFAULT NULL,
  PRIMARY KEY (`CONTACTSID`) USING BTREE,
  INDEX `PK_CONTACT_USER`(`CREATORUSERID`) USING BTREE,
  INDEX `PK_DELETE_CONTACT_USER`(`DELETEUSERID`) USING BTREE,
  INDEX `PK_TOCUSTOMER12`(`CUSTOMERID`) USING BTREE,
  CONSTRAINT `PK_CONTACT_USER` FOREIGN KEY (`CREATORUSERID`) REFERENCES `tb_system_user` (`ID`) ON DELETE RESTRICT ON UPDATE RESTRICT,
  CONSTRAINT `PK_DELETE_CONTACT_USER` FOREIGN KEY (`DELETEUSERID`) REFERENCES `tb_system_user` (`ID`) ON DELETE RESTRICT ON UPDATE RESTRICT,
  CONSTRAINT `PK_TOCUSTOMER12` FOREIGN KEY (`CUSTOMERID`) REFERENCES `tb_crm_customer` (`CUSTOMERID`) ON DELETE RESTRICT ON UPDATE RESTRICT
) ENGINE = InnoDB CHARACTER SET = utf8mb4 COLLATE = utf8mb4_unicode_ci ROW_FORMAT = Dynamic;

-- ----------------------------
-- Records of tb_crm_contacts
-- ----------------------------
INSERT INTO `tb_crm_contacts` VALUES ('40288a7c5d3f85dc015d3f9c223b0009', '40288a7c5d3f85dc015d3f8956ec0001', '兴达达', '兴达产品经理', '市场部', 1, '阿达', '18072638476', 'xing@sina.com', '826398653', NULL, NULL, NULL, '2014-07-17 01:39:43.000000', '2014-07-17 02:54:40.000000', NULL, NULL, NULL, '40288a7c5d3f85dc015d3f9c223a0008', NULL, 1);
INSERT INTO `tb_crm_contacts` VALUES ('40288a7d5d44202e015d4440ef990008', '40288a885cedc960015cedc965cc0000', '流弊', '经理', NULL, NULL, '刘先生', '13123413213', '311233@qq.com', '1232313', NULL, NULL, NULL, '2015-07-17 11:18:12.000000', NULL, NULL, NULL, NULL, '40288a7d5d44202e015d4440ef980007', NULL, 1);
INSERT INTO `tb_crm_contacts` VALUES ('40288a885cedc960015cedc965cc1212', '40288a885cedc960015cedc965cc0000', '轩辕红衣', '人事办', '人事部', 1, '轩辕先生', '18234563456', 'xuanyuan@qq.com', '122512332', '上海', '411323', NULL, '2004-07-17 03:33:16.000000', NULL, 0, NULL, NULL, '4028b8815cee7a04015cee7a07680000', NULL, 0);
INSERT INTO `tb_crm_contacts` VALUES ('40288a885cedc960015cedc965cc1213', '40288a885cedc960015cedc965cc0000', '刘子畅', '营销员', '市场部', 1, '刘先生', '15234345656', 'liuzichuang@qq.com', '234165763', '上海', '120123', NULL, '2012-07-17 05:25:02.000000', '2015-07-17 11:23:47.000000', 0, NULL, NULL, '4028b8815cee7a04015cee7a07680000', NULL, 1);
INSERT INTO `tb_crm_contacts` VALUES ('40288a885cedc960015cedc965cc1289', '40288a885cedc960015cedc965cc0000', '王红', '营销员', '市场部', 1, NULL, '15623452345', 'wanghong@qq.com', '7313213', '武汉', '781782', NULL, '2005-07-17 05:26:35.000000', NULL, 0, NULL, NULL, '4028b8815cee7a04015cee7a0768vbxc', NULL, 0);
INSERT INTO `tb_crm_contacts` VALUES ('4028b8815d2f7886015d2f7afe650000', NULL, '刘家河', '经理', '市场部', 0, '嘉禾', '13423452345', '2361@163.com', '421312312', NULL, NULL, NULL, NULL, '2013-07-17 06:33:17.000000', NULL, NULL, NULL, '4028b8815d2f659a015d2f6f0a120001', NULL, 1);
INSERT INTO `tb_crm_contacts` VALUES ('4028b8815d2f92e0015d2f94f8330001', '40288a885cedc960015cedc965cc0000', '啊啊啊啊啊', '经理', '市场部', 0, '核减', '13612356788', '12312412@qq.com', '21313132', NULL, NULL, '大的萨达', '2012-07-17 06:05:01.000000', '2013-07-17 06:06:53.000000', NULL, NULL, NULL, '4028b8815d2f92e0015d2f94f8260000', NULL, 1);
INSERT INTO `tb_crm_contacts` VALUES ('4028b8815d2f98bb015d2f9b0b4f0001', '40288a885cedc960015cedc965cc0000', '刘伟伟', '经理', '市场部', 0, '刘先生', '13423452435', '123233@qq.com', '1231823', NULL, NULL, '大厦丢', '2011-07-17 11:04:36.000000', NULL, NULL, NULL, NULL, '4028b8815d2f98bb015d2f9b0b420000', NULL, 0);
INSERT INTO `tb_crm_contacts` VALUES ('4028b8815d2f98bb015d2f9b38840003', '40288a885cedc960015cedc965cc0000', '刘伟伟', '经理', '市场部', 0, '刘先生', '13423452435', '123233@qq.com', '1231823', NULL, NULL, '大厦丢', '2011-07-17 11:04:48.000000', NULL, NULL, NULL, NULL, '4028b8815d2f98bb015d2f9b38840002', NULL, 0);
INSERT INTO `tb_crm_contacts` VALUES ('4028b8815d2f98bb015d2f9db6750005', '40288a885cedc960015cedc965cc0000', '仲文', '助理', '市场部', 0, '钟先生', '13745637654', '131267@qq.com', '323123', NULL, NULL, NULL, '2011-07-17 11:07:31.000000', NULL, NULL, NULL, NULL, '4028b8815d2f98bb015d2f9db6740004', NULL, 1);
INSERT INTO `tb_crm_contacts` VALUES ('4028b8815d2f98bb015d2f9eb2350007', '40288a885cedc960015cedc965cc0000', '九黎', '助理', '市场部', 0, '钟先生', '13745637654', '131267@qq.com', '323123', NULL, NULL, NULL, '2011-07-17 11:08:35.000000', '2015-07-17 10:39:49.000000', NULL, NULL, NULL, '4028b8815d3ae997015d3af333d30000', NULL, 1);
INSERT INTO `tb_crm_contacts` VALUES ('4028b8815d2f98bb015d2f9f5ac10009', '40288a885cedc960015cedc965cc0000', '气温去', '助理', '市场部', 0, '钟先生', '13745637654', '131267@qq.com', '323123', NULL, NULL, NULL, '2011-07-17 11:09:18.000000', NULL, NULL, NULL, NULL, '4028b8815d2f98bb015d2f9f5ac10008', NULL, 1);
INSERT INTO `tb_crm_contacts` VALUES ('4028b8815d2f98bb015d2fa2592e000b', '40288a885cedc960015cedc965cc0000', '正取', '助理', '市场部', 0, '者学生', '13423451456', '31321@qq.com', '3124314', NULL, NULL, NULL, '2011-07-17 11:12:35.000000', '2014-07-17 07:07:25.000000', NULL, NULL, NULL, '4028b8815d2f98bb015d2fa2592b000a', NULL, 1);
INSERT INTO `tb_crm_contacts` VALUES ('4028b8815d2f98bb015d2fa55cb9000d', '40288a885cedc960015cedc965cc0000', '大厦丢', '大大', '市场部', 0, '操作现场', '13423412342', '321312@qq.com', '3123123', NULL, NULL, NULL, '2011-07-17 11:15:52.000000', NULL, NULL, NULL, NULL, '4028b8815d2f98bb015d2fa55cb8000c', NULL, 1);
INSERT INTO `tb_crm_contacts` VALUES ('4028b8815d39d822015d39da672c0000', '297ef6f85d16d4ea015d16d9b05d0001', '季赛和', '人事办', '市场部', 1, '季先生', '13412341234', 'jisaihe@qq.com', '12314243', '北京', NULL, NULL, '2005-07-17 11:02:33.000000', NULL, NULL, NULL, NULL, '4028b8815cee7a04015cee7a0768jfds', NULL, 1);
INSERT INTO `tb_crm_contacts` VALUES ('4028b8815d39db42015d39dc198e0000', '40288a885cedc960015cedc965cc0000', NULL, NULL, '市场部', 1, NULL, NULL, NULL, NULL, NULL, NULL, NULL, NULL, NULL, NULL, NULL, NULL, '4028b8815d2f98bb015d2f9eb2340006', NULL, 1);
INSERT INTO `tb_crm_contacts` VALUES ('4028b8815d3a2164015d3a2413680001', '40288a885cedc960015cedc965cc0000', '刘雯', '阿达', '市场部', 0, '刘先生', '13412341234', '4143213@qq.com', '3123', NULL, NULL, NULL, '2013-07-17 00:10:29.000000', '2013-07-17 06:32:18.000000', NULL, NULL, NULL, '4028b8815d3a2164015d3a24134a0000', NULL, 1);
INSERT INTO `tb_crm_contacts` VALUES ('4028b8815d3ae997015d3af3340b0001', '40288a885cedc960015cedc965cc0000', '呵呵呵呵', '经理', '市场部', 1, '泽先生', '13456785676', '2312@qq.com', '3213213', NULL, NULL, NULL, NULL, '2013-07-17 04:07:44.000000', NULL, NULL, NULL, '4028b8815d3ae997015d3af333d30000', NULL, 0);
INSERT INTO `tb_crm_contacts` VALUES ('4028b8815d3f2d03015d3f2f31cf0001', '40288a885cedc960015cedc965cc0000', '刘集', '经理', '市场部', 1, '阿达', '13412341234', '23123@qq.com', '211231', NULL, NULL, NULL, '2014-07-17 11:40:43.000000', '2014-07-17 08:13:34.000000', NULL, NULL, NULL, '4028b8815d3f2d03015d3f2f31ae0000', NULL, 1);
INSERT INTO `tb_crm_contacts` VALUES ('4028b8815d4418c2015d442528240001', '40288a885cedc960015cedc965cc0000', '溜溜梅', '经理', NULL, NULL, '恶趣味', '13824632111', '213123@qq.com', '31313213', NULL, NULL, '3213', '2015-07-17 10:47:52.000000', NULL, NULL, NULL, NULL, '4028b8815d4418c2015d442528150000', NULL, 1);

-- ----------------------------
-- Table structure for tb_crm_contract
-- ----------------------------
DROP TABLE IF EXISTS `tb_crm_contract`;
CREATE TABLE `tb_crm_contract`  (
  `CONTRACTID` varchar(32) CHARACTER SET utf8mb4 COLLATE utf8mb4_unicode_ci NOT NULL,
  `CONTRACTNUMBER` varchar(50) CHARACTER SET utf8mb4 COLLATE utf8mb4_unicode_ci NULL DEFAULT NULL,
  `BUSINESSID` varchar(32) CHARACTER SET utf8mb4 COLLATE utf8mb4_unicode_ci NULL DEFAULT NULL,
  `PRICE` int(0) NULL DEFAULT NULL,
  `DUETIME` timestamp(6) NULL DEFAULT NULL,
  `OWNERUSERID` varchar(32) CHARACTER SET utf8mb4 COLLATE utf8mb4_unicode_ci NULL DEFAULT NULL,
  `CREATORUSERID` varchar(32) CHARACTER SET utf8mb4 COLLATE utf8mb4_unicode_ci NULL DEFAULT NULL,
  `CONTRACTCONTENT` blob NULL,
  `DESCRIPTION` varchar(500) CHARACTER SET utf8mb4 COLLATE utf8mb4_unicode_ci NULL DEFAULT NULL,
  `CREATETIME` timestamp(6) NULL DEFAULT NULL,
  `UPDATETIME` timestamp(6) NULL DEFAULT NULL,
  `STARTDATE` timestamp(6) NULL DEFAULT NULL,
  `ENDDATE` timestamp(6) NULL DEFAULT NULL,
  `STATUS` varchar(20) CHARACTER SET utf8mb4 COLLATE utf8mb4_unicode_ci NULL DEFAULT NULL,
  `ISDELETED` int(0) NULL DEFAULT NULL,
  `DELETEUSERID` varchar(32) CHARACTER SET utf8mb4 COLLATE utf8mb4_unicode_ci NULL DEFAULT NULL,
  `DELETETIME` timestamp(6) NULL DEFAULT NULL,
  PRIMARY KEY (`CONTRACTID`) USING BTREE,
  INDEX `PK_123`(`BUSINESSID`) USING BTREE,
  INDEX `PK_CREATORUSERID12`(`CREATORUSERID`) USING BTREE,
  INDEX `PK_DELETEUSERID12`(`DELETEUSERID`) USING BTREE,
  INDEX `PK_OWNERUSERID12`(`OWNERUSERID`) USING BTREE,
  CONSTRAINT `PK_123` FOREIGN KEY (`BUSINESSID`) REFERENCES `tb_crm_business` (`BUSINESSID`) ON DELETE RESTRICT ON UPDATE RESTRICT,
  CONSTRAINT `PK_CREATORUSERID12` FOREIGN KEY (`CREATORUSERID`) REFERENCES `tb_system_user` (`ID`) ON DELETE RESTRICT ON UPDATE RESTRICT,
  CONSTRAINT `PK_DELETEUSERID12` FOREIGN KEY (`DELETEUSERID`) REFERENCES `tb_system_user` (`ID`) ON DELETE RESTRICT ON UPDATE RESTRICT,
  CONSTRAINT `PK_OWNERUSERID12` FOREIGN KEY (`OWNERUSERID`) REFERENCES `tb_system_user` (`ID`) ON DELETE RESTRICT ON UPDATE RESTRICT
) ENGINE = InnoDB CHARACTER SET = utf8mb4 COLLATE = utf8mb4_unicode_ci ROW_FORMAT = Dynamic;

-- ----------------------------
-- Records of tb_crm_contract
-- ----------------------------
INSERT INTO `tb_crm_contract` VALUES ('0b43b827765440c2847afbb02714a3d0', 'hetongbianhao', '3639B0EA4BD54161A76EA1846B2751E1', 10000, '2028-05-17 10:52:53.000000', NULL, NULL, NULL, '这是一个合同', NULL, NULL, '2025-06-17 10:52:04.000000', '2029-06-17 10:51:55.000000', NULL, 1, NULL, NULL);
INSERT INTO `tb_crm_contract` VALUES ('297ef7f75d3507d1015d350818bd0000', 'dsdsds', '3639B0EA4BD54161A76EA1846B2751E1', 222222, '2011-07-17 09:47:59.000000', NULL, NULL, NULL, '2017-07-13 09:48:07', '2013-07-17 08:20:35.000000', '2013-07-17 08:20:35.000000', '2013-07-17 09:48:07.000000', '2017-07-17 09:48:11.000000', '还可以', 1, NULL, NULL);
INSERT INTO `tb_crm_contract` VALUES ('297ef7f75d3516af015d351736730000', '12321', '3639B0EA4BD54161A76EA1846B2751E1', 3454333, '2008-10-15 05:00:00.000000', NULL, NULL, NULL, NULL, NULL, NULL, '2008-10-15 05:00:00.000000', '2008-10-15 05:00:00.000000', NULL, 1, NULL, NULL);
INSERT INTO `tb_crm_contract` VALUES ('297ef7f75d3516af015d35191be30001', '122322323', '3639B0EA4BD54161A76EA1846B2751E1', 122222, '2008-10-15 05:00:00.000000', NULL, NULL, NULL, '央视网消息：国家主席习近平12日在人民大会堂接受八国新任驻华大使递交国书。', NULL, NULL, '2008-10-15 05:00:00.000000', '2008-10-15 05:00:00.000000', NULL, 1, NULL, NULL);
INSERT INTO `tb_crm_contract` VALUES ('297ef7f75d3516af015d351ce0160002', 'dsdsds11', '260D46A564664FE3B27BC167C9BD4188', 100000, '2008-10-15 05:00:00.000000', NULL, NULL, NULL, NULL, NULL, NULL, '2008-10-15 05:00:00.000000', '2008-10-15 05:00:00.000000', NULL, 1, NULL, NULL);
INSERT INTO `tb_crm_contract` VALUES ('297ef7f75d3516af015d354b921c0003', '11时代大厦', '260D46A564664FE3B27BC167C9BD4188', 2134343, '2012-07-17 01:35:12.000000', NULL, NULL, NULL, '颠三倒四', NULL, NULL, '2012-07-17 01:35:22.000000', '2018-07-17 01:35:26.000000', NULL, 1, NULL, NULL);
INSERT INTO `tb_crm_contract` VALUES ('297ef7f75d3516af015d354cfd420004', 'adsds33333', '260D46A564664FE3B27BC167C9BD4188', 10000, '2002-07-17 01:36:00.000000', NULL, NULL, NULL, '颠三倒四', '2014-07-17 09:59:51.000000', '2014-07-17 09:59:51.000000', '2005-07-17 01:36:03.000000', '2003-07-17 01:36:07.000000', '已创建', 1, NULL, NULL);
INSERT INTO `tb_crm_contract` VALUES ('297ef7f75d39a9c6015d39aa5c5e0000', '1499911028121', '3639B0EA4BD54161A76EA1846B2751E1', 22222, '2005-07-17 09:57:11.000000', NULL, NULL, NULL, '习近平指出，中加两国都是亚太地区重要国家，在实现各自国家发展、应对全球性挑战方面，拥有重要共同利益和广阔合作空间。近年来，中加关系总体保持良好发展势头，为两国人民带来实实在在的利益，也促进了亚太地区乃', '2014-07-17 03:42:39.000000', '2014-07-17 03:42:39.000000', '2019-07-17 09:57:15.000000', '2012-07-17 09:57:24.000000', '修改', 0, NULL, NULL);
INSERT INTO `tb_crm_contract` VALUES ('297ef7f75d39c289015d39c473580001', '1499912710055', '3639B0EA4BD54161A76EA1846B2751E1', 100000, '2013-07-17 10:25:17.000000', NULL, NULL, NULL, '习近平指出，中加两国都是亚太地区重要国家，在实现各自国家发展、应对全球性挑战方面，拥有重要共同利益和广阔合作空间。近年来，中加关系总体保持良好发展势头，为两国人民带来实实在在的利益，也促进了亚太地区乃从战度出发，尊重彼此核心利益和重大关切，一道努力，推动中加战略伙伴关系不断向前发展。', '2014-07-17 03:43:40.000000', '2014-07-17 03:43:40.000000', '2012-07-17 10:25:23.000000', '2011-07-17 10:25:26.000000', '修改', 0, NULL, NULL);
INSERT INTO `tb_crm_contract` VALUES ('297ef7f75d39c289015d39c4f92a0002', '1499912774369', '3639B0EA4BD54161A76EA1846B2751E1', 10000000, '2005-07-17 10:26:20.000000', NULL, NULL, NULL, '习近平指出，中加两国都是亚太地区重要国家，在实现各自国家发展、应对全球性挑战方面，拥有重要共同利益和广阔合作空间。近年来，中加关系总体保持良好发展势头，为两国人民带来实实在在的利益，也促进了亚太地区乃', '2014-07-17 03:43:23.000000', '2014-07-17 03:43:23.000000', '2018-07-17 10:26:23.000000', '2010-07-17 10:26:29.000000', '修改', 0, NULL, NULL);
INSERT INTO `tb_crm_contract` VALUES ('297ef7f75d39e95c015d39e9f5ed0000', '1499915197132', '3639B0EA4BD54161A76EA1846B2751E1', 112233, '2013-07-17 11:06:45.000000', '40288a885cedc960015cedc965cc0000', NULL, NULL, ' 干得漂亮', NULL, NULL, '2013-07-17 11:06:42.000000', '2011-07-17 11:06:50.000000', NULL, 1, NULL, NULL);
INSERT INTO `tb_crm_contract` VALUES ('297ef7f75d39e95c015d3a5db4360001', '1499922790208', '40288a7c5d400059015d400127ce0000', 100000, '2021-07-17 01:13:13.000000', '40288a885cedc960015cedc965cc0000', NULL, NULL, '习近平指出，中加两国都是亚太地区重要国家，在实现各自国家发展、应对全球性挑战方面，拥有重要共同利益和广阔合作空间。近年来，中加关系总体保持良好发展势头，为两国人民带来实实在在的利益，也促进了亚太地区乃至世界和平', '2014-07-17 03:49:07.000000', '2014-07-17 03:49:07.000000', '2026-07-17 01:13:18.000000', '2030-08-17 01:13:20.000000', '修改', 1, NULL, NULL);
INSERT INTO `tb_crm_contract` VALUES ('297ef7f75d3b82c1015d3b9ea7490000', '1499943814705', '3639B0EA4BD54161A76EA1846B2751E1', 333333, '2002-07-17 07:03:41.000000', NULL, NULL, NULL, '习近平指出，中加两国都是亚太地区重要国家，在实现各自国家发展、应对全球性挑战方面，拥有重要共同利益和广阔合作空间。近年来，中加关系总体保持良好发展势头，为两国人民带来实实在在的利益，也促进了亚太地区乃', '2014-07-17 03:42:11.000000', '2014-07-17 03:42:11.000000', '2012-07-17 07:03:38.000000', '2003-07-17 07:03:47.000000', '刚创建', 0, NULL, NULL);
INSERT INTO `tb_crm_contract` VALUES ('297ef7f75d3b82c1015d3bc7fb990001', '1499946527836', '3639B0EA4BD54161A76EA1846B2751E1', 34567, '2013-07-17 07:48:51.000000', NULL, NULL, NULL, '习近平指出，中加两国都是亚太地区重要国家，在实现各自国家发展、应对全球性挑战方面，拥有重要共同利益和', '2014-07-17 03:42:59.000000', '2014-07-17 03:42:59.000000', '2013-07-17 07:48:53.000000', '2013-07-17 07:48:56.000000', '修改', 0, NULL, NULL);
INSERT INTO `tb_crm_contract` VALUES ('297ef7f75d3ed568015d3edc698a0000', '1499998171671', '3639B0EA4BD54161A76EA1846B2751E1', 99999, '2014-07-17 10:09:34.000000', NULL, NULL, NULL, '干得漂亮', '2015-07-17 11:08:33.000000', '2015-07-17 11:08:33.000000', '2029-05-17 10:09:43.000000', '2031-07-17 10:09:51.000000', '已经完成', 0, NULL, NULL);
INSERT INTO `tb_crm_contract` VALUES ('297ef7f75d3fe145015d3fe2c7610000', '1500015332257', '3639B0EA4BD54161A76EA1846B2751E1', 99999, '2014-07-17 02:55:37.000000', NULL, NULL, NULL, '都是山东师范手动手动多所谁说的', '2014-07-17 03:42:18.000000', '2014-07-17 03:42:18.000000', '2007-03-17 02:55:40.000000', '2014-07-17 02:55:47.000000', '创建', 0, NULL, NULL);
INSERT INTO `tb_crm_contract` VALUES ('297ef7f75d3fe145015d3fe693f10001', '1500015624893', '40288a7c5d400059015d400127ce0000', 29999, '2010-07-17 03:00:29.000000', '40288a885cedc960015cedc965cc0000', NULL, NULL, '习近平指出，中加两国都是亚太地区重要国家，在实现各自国家发展、应对全球性挑战方面，拥有重要共同利益和广阔合作空间。', '2014-07-17 03:48:54.000000', '2014-07-17 03:48:54.000000', '2002-07-17 03:00:33.000000', '2003-07-17 03:00:37.000000', '创建', 0, NULL, NULL);
INSERT INTO `tb_crm_contract` VALUES ('297ef7f75d3fe8ec015d3fe9aca50000', '1500015831675', '3639B0EA4BD54161A76EA1846B2751E1', 40000, '2004-07-17 03:03:56.000000', NULL, NULL, NULL, '撒飒飒飒飒所所所所所所所所所所所所所所所所所所所所所所所所所所所所所所所所所所所所', '2014-07-17 03:06:03.000000', '2014-07-17 03:06:03.000000', '2004-07-17 03:03:59.000000', '2026-07-17 03:04:02.000000', '刚创建', 0, NULL, NULL);
INSERT INTO `tb_crm_contract` VALUES ('297ef7f75d3fec51015d3fed0c5e0000', '1500016052046', '3639B0EA4BD54161A76EA1846B2751E1', 4999, '2003-07-17 03:07:35.000000', '40288a885cedc960015cedc965cc0000', NULL, NULL, '但事实上所所所所所所所所所所所所所所所所所所所所所所', '2014-07-17 03:08:06.000000', '2014-07-17 03:08:06.000000', '2014-07-17 03:07:38.000000', '2031-07-17 03:07:43.000000', '创建', 0, NULL, NULL);
INSERT INTO `tb_crm_contract` VALUES ('297ef7f75d3fec51015d400babda0002', '1500018033607', '40288a7c5d400059015d400127ce0000', 55555, '2003-07-17 03:40:43.000000', '40288a885cedc960015cedc965cc0000', NULL, NULL, '习近平指出，中加两国都是亚太地区重要国家，在实现各自国家发展、应对全球性挑战方面，拥有重要共同利益和广阔合作空间。近年来，中加关系总体保持良好发展势头，为两国人民带来实实在在的利益，也促进了亚太地区乃至世界和平、稳定、繁荣。中方愿同加方保持高层交往，用好各层级对话机制，扩大政府部门、立法机构、政党。', '2014-07-17 03:41:33.000000', '2014-07-17 03:41:33.000000', '2025-06-17 03:40:46.000000', '2031-07-17 03:40:49.000000', '创建', 0, NULL, NULL);
INSERT INTO `tb_crm_contract` VALUES ('297ef7f75d3fec51015d401366f00003', '1500018566379', '40288a7c5d400059015d400127ce0000', 400, '2014-07-17 03:49:31.000000', '40288a885cedc960015cedc965cc0000', NULL, NULL, '习近平指出，中加两国都是亚太地区重要国家，在实现各自国家发展、应对全球性挑战方面，拥有重要共同利益和广阔合作空间。近年来，中加关系总体保持良好发展势头，为两国人民带来实实在在的利益，也促进了亚太地区乃', '2014-07-17 03:49:59.000000', '2014-07-17 03:49:59.000000', '2014-07-17 03:49:41.000000', '2030-07-17 03:49:45.000000', '修改', 0, NULL, NULL);
INSERT INTO `tb_crm_contract` VALUES ('297ef7f75d43c076015d43c654f30000', '1500080620217', '40288a7c5d4016e6015d40199e7e0000', 99999, '2015-07-17 09:03:46.000000', '40288a885cedc960015cedc965cc0000', NULL, NULL, '干得漂亮', '2015-07-17 09:04:17.000000', '2015-07-17 09:04:17.000000', '2027-06-17 09:03:50.000000', '2031-07-17 09:03:54.000000', '创建', 0, NULL, NULL);
INSERT INTO `tb_crm_contract` VALUES ('297ef7f75d43c076015d43c76d380001', '1500080667094', '40288a7c5d4016e6015d40199e7e0000', 29999, '2002-07-17 09:04:48.000000', '40288a885cedc960015cedc965cc0000', NULL, NULL, '我不知道，他们为何离去', '2015-07-17 09:05:29.000000', '2015-07-17 09:05:29.000000', '2025-06-17 09:04:52.000000', '2031-07-17 09:04:55.000000', '已创建', 0, NULL, NULL);
INSERT INTO `tb_crm_contract` VALUES ('40288a7d5d44202e015d443785870006', '1500087978922', '40288a7c5d40ff12015d410390af0001', 29999, '2015-07-17 11:06:23.000000', '40288a885cedc960015cedc965cc0000', NULL, NULL, '呵呵呵', '2015-07-17 11:07:55.000000', '2015-07-17 11:07:55.000000', '2004-07-17 11:06:39.000000', '2015-07-17 11:06:42.000000', '创建', 0, NULL, NULL);

-- ----------------------------
-- Table structure for tb_crm_customer
-- ----------------------------
DROP TABLE IF EXISTS `tb_crm_customer`;
CREATE TABLE `tb_crm_customer`  (
  `CUSTOMERID` varchar(32) CHARACTER SET utf8mb4 COLLATE utf8mb4_unicode_ci NOT NULL,
  `OWNERUSERID` varchar(32) CHARACTER SET utf8mb4 COLLATE utf8mb4_unicode_ci NULL DEFAULT NULL,
  `CREATORUSERID` varchar(32) CHARACTER SET utf8mb4 COLLATE utf8mb4_unicode_ci NULL DEFAULT NULL,
  `NAME` varchar(333) CHARACTER SET utf8mb4 COLLATE utf8mb4_unicode_ci NULL DEFAULT NULL,
  `ORIGIN` varchar(150) CHARACTER SET utf8mb4 COLLATE utf8mb4_unicode_ci NULL DEFAULT NULL,
  `ADDRESS` varchar(100) CHARACTER SET utf8mb4 COLLATE utf8mb4_unicode_ci NULL DEFAULT NULL,
  `ZIPCODE` varchar(20) CHARACTER SET utf8mb4 COLLATE utf8mb4_unicode_ci NULL DEFAULT NULL,
  `INDUSTRY` varchar(150) CHARACTER SET utf8mb4 COLLATE utf8mb4_unicode_ci NULL DEFAULT NULL,
  `ANNUALREVENUE` varchar(50) CHARACTER SET utf8mb4 COLLATE utf8mb4_unicode_ci NULL DEFAULT NULL,
  `OWNERSHIP` varchar(150) CHARACTER SET utf8mb4 COLLATE utf8mb4_unicode_ci NULL DEFAULT NULL,
  `RATING` varchar(150) CHARACTER SET utf8mb4 COLLATE utf8mb4_unicode_ci NULL DEFAULT NULL,
  `CREATETIME` timestamp(6) NULL DEFAULT NULL,
  `UPDATETIME` timestamp(6) NULL DEFAULT NULL,
  `ISDELETED` int(0) NULL DEFAULT NULL,
  `ISLOCKED` int(0) NULL DEFAULT NULL,
  `DELETEUSERID` varchar(32) CHARACTER SET utf8mb4 COLLATE utf8mb4_unicode_ci NULL DEFAULT NULL,
  `DELETETIME` timestamp(6) NULL DEFAULT NULL,
  PRIMARY KEY (`CUSTOMERID`) USING BTREE,
  INDEX `FK_SYSTEM_USER_CUSTOMER_DEL`(`DELETEUSERID`) USING BTREE,
  INDEX `FK_SYSTEM_USER_TB_CRM_CUSTO2`(`CREATORUSERID`) USING BTREE,
  INDEX `FK_SYSTEM_USER_TB_CRM_CUSTOMER`(`OWNERUSERID`) USING BTREE,
  CONSTRAINT `FK_SYSTEM_USER_CUSTOMER_DEL` FOREIGN KEY (`DELETEUSERID`) REFERENCES `tb_system_user` (`ID`) ON DELETE RESTRICT ON UPDATE RESTRICT,
  CONSTRAINT `FK_SYSTEM_USER_TB_CRM_CUSTO2` FOREIGN KEY (`CREATORUSERID`) REFERENCES `tb_system_user` (`ID`) ON DELETE RESTRICT ON UPDATE RESTRICT,
  CONSTRAINT `FK_SYSTEM_USER_TB_CRM_CUSTOMER` FOREIGN KEY (`OWNERUSERID`) REFERENCES `tb_system_user` (`ID`) ON DELETE RESTRICT ON UPDATE RESTRICT
) ENGINE = InnoDB CHARACTER SET = utf8mb4 COLLATE = utf8mb4_unicode_ci ROW_FORMAT = Dynamic;

-- ----------------------------
-- Records of tb_crm_customer
-- ----------------------------
INSERT INTO `tb_crm_customer` VALUES ('40288a7c5d3f85dc015d3f9c223a0008', '40288a7c5d3f85dc015d3f94f3520006', '40288a7c5d3f85dc015d3f8956ec0001', '广州兴达地产有限公司', '网上', '广州新-房地产-开发区', '430079', '房地产', '3000万-6000万', NULL, '两星', '2014-07-17 01:39:43.000000', '2014-07-17 02:54:40.000000', 0, 0, NULL, NULL);
INSERT INTO `tb_crm_customer` VALUES ('40288a7d5d44202e015d4440ef980007', '40288a7c5d3f85dc015d3f9178e40005', '40288a885cedc960015cedc965cc0000', '腾讯', '市场', '广东省-广州市-天河区-3213', '123121', '通讯', '3000万-6000万', '国企', '两星', '2015-07-17 11:18:12.000000', NULL, 0, 0, NULL, NULL);
INSERT INTO `tb_crm_customer` VALUES ('4028b8815cee7a04015cee7a07680000', '40288a7c5d3ef0c9015d3ef38c7b0004', '40288a885cedc960015cedc965cc0000', '北京轩辕文化中心', '市场', '广东省-广州市-天河区-3321', '110110', '传媒', '1000万-3000万', '国企', '两星', '2010-07-17 03:36:25.000000', '2015-07-17 11:23:47.000000', 0, 0, NULL, NULL);
INSERT INTO `tb_crm_customer` VALUES ('4028b8815cee7a04015cee7a07681234', '40288a885cedc960015cedc965cc0000', '40288a885cedc960015cedc965cc0000', '北京合创文化有限公司', NULL, '北京', '120123', '传媒', '1000万', NULL, '2', '2005-07-17 05:27:50.000000', NULL, 0, 1, NULL, NULL);
INSERT INTO `tb_crm_customer` VALUES ('4028b8815cee7a04015cee7a07681235', '40288a885cedc960015cedc965cc0000', '40288a885cedc960015cedc965cc0000', '上海子龙有限公司', NULL, '上海', '213213', '娱乐', '900万', NULL, '2', '2005-07-17 05:29:25.000000', NULL, 0, 1, NULL, NULL);
INSERT INTO `tb_crm_customer` VALUES ('4028b8815cee7a04015cee7a07682345', '297ef6f85d11a950015d11ae4d940000', '297ef6f85d11a950015d11ae4d940000', '上海子龙文化有限公司', NULL, '上海', '213213', '娱乐', '一亿', NULL, '3', '2001-06-17 05:31:45.000000', NULL, 0, 1, NULL, NULL);
INSERT INTO `tb_crm_customer` VALUES ('4028b8815cee7a04015cee7a0768dsaw', '297ef6f85d11a950015d11ae4d940000', '297ef6f85d11a950015d11ae4d940000', '佳佳电子科技有限公司', NULL, '芝加哥', NULL, '科技', '1000万', NULL, '1', '2001-06-17 04:15:13.000000', NULL, 0, 1, NULL, NULL);
INSERT INTO `tb_crm_customer` VALUES ('4028b8815cee7a04015cee7a0768jfds', '4028b8815cee7a04015cee7a07682345', '4028b8815cee7a04015cee7a07682345', '刘家河龙家乐', '市场', '广东省-广州市-失去-大厦丢', '321244', '餐饮', '2000万', '合资', '两星', '2006-07-17 02:43:16.000000', NULL, 0, 1, NULL, NULL);
INSERT INTO `tb_crm_customer` VALUES ('4028b8815cee7a04015cee7a0768vbxc', '4028b8815cee7a04015cee7a07682345', '4028b8815cee7a04015cee7a07682345', '昭阳科技公司', NULL, '纽约', '342352', '科技', '1000万', NULL, '1', '2006-07-17 02:46:08.000000', NULL, 0, 1, NULL, NULL);
INSERT INTO `tb_crm_customer` VALUES ('4028b8815d2c63e0015d2c658e4e0000', '4028b8815cee7a04015cee7a07682345', '40288a885cedc960015cedc965cc0000', '广东复发银行', '饭局', '广东省-广州市-亭湖区-光山大道', '123123', '金融', '3000万-6000万', '合资', '两星', '2010-07-17 08:07:19.000000', NULL, 0, 0, NULL, NULL);
INSERT INTO `tb_crm_customer` VALUES ('4028b8815d2f659a015d2f6f0a120001', '297ef6f85d16d4ea015d16d9b05d0001', '40288a885cedc960015cedc965cc0000', '化厚度', '的热', '广东省-广州市-失去-大厦丢', '123123', '大大', '3000万-6000万', '民营', '两星', '2011-07-17 10:16:32.000000', '2013-07-17 06:33:17.000000', 0, 0, NULL, NULL);
INSERT INTO `tb_crm_customer` VALUES ('4028b8815d2f7886015d2f7afe710001', '4028b8815cee7a04015cee7a07682345', '40288a885cedc960015cedc965cc0000', '湛江科大有限公司', '市场', '广东省-湛江市-胡文去-大大大', '123123', '制造', '1000万-3000万', '合资', '两星', '2011-07-17 10:29:35.000000', NULL, 0, 0, NULL, NULL);
INSERT INTO `tb_crm_customer` VALUES ('4028b8815d2f92e0015d2f94f8260000', '297ef6f85d16d4ea015d16d9b05d0001', '40288a885cedc960015cedc965cc0000', '老虎赌场', '市场', '广东省-东莞市-和兴区-关山路', '123456', '娱乐', '3000万-6000万', '合资', '两星', '2011-07-17 10:57:58.000000', '2013-07-17 06:06:53.000000', 0, 0, NULL, NULL);
INSERT INTO `tb_crm_customer` VALUES ('4028b8815d2f98bb015d2f9b0b420000', '4028b8815cee7a04015cee7a07682345', '40288a885cedc960015cedc965cc0000', '同名英航', '市场', '广东省-广州市-亭湖区-护卫路', '213511', '航空', '3000万-6000万', '合资', '两星', '2011-07-17 11:04:36.000000', NULL, 0, 0, NULL, NULL);
INSERT INTO `tb_crm_customer` VALUES ('4028b8815d2f98bb015d2f9b38840002', '4028b8815cee7a04015cee7a07682345', '40288a885cedc960015cedc965cc0000', '同名英航', '市场', '广东省-广州市-亭湖区-护卫路', '213511', '航空', '3000万-6000万', '合资', '两星', '2011-07-17 11:04:48.000000', NULL, 0, 0, NULL, NULL);
INSERT INTO `tb_crm_customer` VALUES ('4028b8815d2f98bb015d2f9db6740004', '4028b8815cee7a04015cee7a07682345', '40288a885cedc960015cedc965cc0000', '同名机上', '市场', '广州-刘雯菏-泽去-积极路', '456456', '航空', '3000万-6000万', '合资', '两星', '2011-07-17 11:07:31.000000', NULL, 0, 0, NULL, NULL);
INSERT INTO `tb_crm_customer` VALUES ('4028b8815d2f98bb015d2f9eb2340006', '4028b8815cee7a04015cee7a07682345', '40288a885cedc960015cedc965cc0000', '同标价和文', '市场', '广州市-刘雯菏-泽去-积极路', '456456', '航空', '3000万-6000万', '合资', '两星', '2011-07-17 11:08:35.000000', NULL, 0, 0, NULL, NULL);
INSERT INTO `tb_crm_customer` VALUES ('4028b8815d2f98bb015d2f9f5ac10008', '4028b8815cee7a04015cee7a07682345', '40288a885cedc960015cedc965cc0000', '刘机场和文', '市场', '广州市-刘雯菏-泽去-积极路', '456456', '航空', '3000万-6000万', '合资', '两星', '2011-07-17 11:09:18.000000', NULL, 0, 0, NULL, NULL);
INSERT INTO `tb_crm_customer` VALUES ('4028b8815d2f98bb015d2fa2592b000a', '4028b8815cee7a04015cee7a07682345', '40288a885cedc960015cedc965cc0000', '去门前', '大撒旦撒', '湖南省-广州市-和兴区-及记录', '232133', '金融', '1000万-3000万', '民营', '两星', '2011-07-17 11:12:35.000000', '2014-07-17 07:07:25.000000', 0, 0, NULL, NULL);
INSERT INTO `tb_crm_customer` VALUES ('4028b8815d2f98bb015d2fa55cb8000c', '297ef6f85d16d4ea015d16d9b05d0001', '40288a885cedc960015cedc965cc0000', '挨打的群无', '企鹅二无群二', '流水-关山-所属的-多少岁', '213123', '耳温枪二', '3000万-6000万', '合资', '两星', '2011-07-17 11:15:52.000000', NULL, 0, 0, NULL, NULL);
INSERT INTO `tb_crm_customer` VALUES ('4028b8815d3a2164015d3a24134a0000', '297ef6f85d16d4ea015d16d9b05d0001', '40288a885cedc960015cedc965cc0000', '六合用户银行', '市场', '广东省-广州市-亭湖区-及记录', '542231', '金融', '3000万-6000万', '合资', '两星', '2013-07-17 00:10:29.000000', '2013-07-17 06:32:18.000000', 0, 0, NULL, NULL);
INSERT INTO `tb_crm_customer` VALUES ('4028b8815d3ae997015d3af333d30000', '40288a885cedc960015cedc965cc0000', '40288a885cedc960015cedc965cc0000', '六扇门', '市场', '广东省-深圳市-南山区-223123', '123123', '金融', '3000万-6000万', '民营', '三星', '2013-07-17 03:56:43.000000', '2015-07-17 10:39:49.000000', 0, 0, NULL, NULL);
INSERT INTO `tb_crm_customer` VALUES ('4028b8815d3f2d03015d3f2f31ae0000', '40288a7c5d3be573015d3be890460001', '40288a885cedc960015cedc965cc0000', '丰汇商务国际', '市场', '广东省-东莞市-和兴区-关山路', '312311', '金融', '3000万-6000万', '国企', '两星', '2014-07-17 11:40:43.000000', '2014-07-17 08:13:34.000000', 0, 0, NULL, NULL);
INSERT INTO `tb_crm_customer` VALUES ('4028b8815d4418c2015d442528150000', '40288a885cedc960015cedc965cc0000', '40288a885cedc960015cedc965cc0000', '阿里巴巴', '市场', '浙江省-杭州市-复兴区-3213213', '123123', '金融', '6000万-9000万', '合资', '两星', '2015-07-17 10:47:52.000000', NULL, 0, 0, NULL, NULL);

-- ----------------------------
-- Table structure for tb_crm_department
-- ----------------------------
DROP TABLE IF EXISTS `tb_crm_department`;
CREATE TABLE `tb_crm_department`  (
  `DEPARTMENTID` varchar(32) CHARACTER SET utf8mb4 COLLATE utf8mb4_unicode_ci NOT NULL,
  `PARENTID` varchar(32) CHARACTER SET utf8mb4 COLLATE utf8mb4_unicode_ci NULL DEFAULT NULL,
  `NAME` varchar(50) CHARACTER SET utf8mb4 COLLATE utf8mb4_unicode_ci NULL DEFAULT NULL,
  `DESCRIPTION` varchar(200) CHARACTER SET utf8mb4 COLLATE utf8mb4_unicode_ci NULL DEFAULT NULL,
  PRIMARY KEY (`DEPARTMENTID`) USING BTREE,
  INDEX `PK_PARENTI`(`PARENTID`) USING BTREE,
  CONSTRAINT `PK_PARENTI` FOREIGN KEY (`PARENTID`) REFERENCES `tb_crm_department` (`DEPARTMENTID`) ON DELETE RESTRICT ON UPDATE RESTRICT
) ENGINE = InnoDB CHARACTER SET = utf8mb4 COLLATE = utf8mb4_unicode_ci ROW_FORMAT = Dynamic;

-- ----------------------------
-- Records of tb_crm_department
-- ----------------------------
INSERT INTO `tb_crm_department` VALUES ('1', 'a135c1f8238842f5844732d3279ba635', '销售部', NULL);
INSERT INTO `tb_crm_department` VALUES ('2', 'a135c1f8238842f5844732d3279ba635', '策划部', NULL);
INSERT INTO `tb_crm_department` VALUES ('297ef7f75d1b2729015d1b2c623d0005', 'a135c1f8238842f5844732d3279ba635', '秘书部', '秘书部，自己想');
INSERT INTO `tb_crm_department` VALUES ('40288a7d5d346275015d346cb1d60001', 'f10267bc24764ee6ab206bddbd248586', '宣传部', '换个哈哈哈');
INSERT INTO `tb_crm_department` VALUES ('a135c1f8238842f5844732d3279ba635', NULL, '经理部', NULL);
INSERT INTO `tb_crm_department` VALUES ('f10267bc24764ee6ab206bddbd248586', 'a135c1f8238842f5844732d3279ba635', '公关部', '哈哈哈的范德萨范德萨发');
INSERT INTO `tb_crm_department` VALUES ('f5ce0e5fa94a41fdb135ec029dd8f3c8', 'a135c1f8238842f5844732d3279ba635', '后勤部', NULL);

-- ----------------------------
-- Table structure for tb_crm_email_record
-- ----------------------------
DROP TABLE IF EXISTS `tb_crm_email_record`;
CREATE TABLE `tb_crm_email_record`  (
  `EMAILRECORDID` varchar(32) CHARACTER SET utf8mb4 COLLATE utf8mb4_unicode_ci NOT NULL,
  `USERID` varchar(32) CHARACTER SET utf8mb4 COLLATE utf8mb4_unicode_ci NULL DEFAULT NULL,
  `TOADDR` varchar(800) CHARACTER SET utf8mb4 COLLATE utf8mb4_unicode_ci NULL DEFAULT NULL,
  `SUBJECT` varchar(200) CHARACTER SET utf8mb4 COLLATE utf8mb4_unicode_ci NULL DEFAULT NULL,
  `CONTENT` blob NULL,
  `SENDTIME` timestamp(6) NULL DEFAULT NULL,
  `STATUS` int(0) NULL DEFAULT NULL,
  PRIMARY KEY (`EMAILRECORDID`) USING BTREE,
  INDEX `FK_SYSTEM_USER_EMAIL_RECORD`(`USERID`) USING BTREE,
  CONSTRAINT `FK_SYSTEM_USER_EMAIL_RECORD` FOREIGN KEY (`USERID`) REFERENCES `tb_system_user` (`ID`) ON DELETE RESTRICT ON UPDATE RESTRICT
) ENGINE = InnoDB CHARACTER SET = utf8mb4 COLLATE = utf8mb4_unicode_ci ROW_FORMAT = Dynamic;

-- ----------------------------
-- Records of tb_crm_email_record
-- ----------------------------

-- ----------------------------
-- Table structure for tb_crm_email_template
-- ----------------------------
DROP TABLE IF EXISTS `tb_crm_email_template`;
CREATE TABLE `tb_crm_email_template`  (
  `TEMPLATEID` varchar(32) CHARACTER SET utf8mb4 COLLATE utf8mb4_unicode_ci NOT NULL,
  `SUBJECT` varchar(200) CHARACTER SET utf8mb4 COLLATE utf8mb4_unicode_ci NULL DEFAULT NULL,
  `TITLE` varchar(100) CHARACTER SET utf8mb4 COLLATE utf8mb4_unicode_ci NULL DEFAULT NULL,
  `CONTENT` varchar(500) CHARACTER SET utf8mb4 COLLATE utf8mb4_unicode_ci NULL DEFAULT NULL,
  `ORDERID` int(0) NULL DEFAULT NULL,
  PRIMARY KEY (`TEMPLATEID`) USING BTREE
) ENGINE = InnoDB CHARACTER SET = utf8mb4 COLLATE = utf8mb4_unicode_ci ROW_FORMAT = Dynamic;

-- ----------------------------
-- Records of tb_crm_email_template
-- ----------------------------

-- ----------------------------
-- Table structure for tb_crm_employee
-- ----------------------------
DROP TABLE IF EXISTS `tb_crm_employee`;
CREATE TABLE `tb_crm_employee`  (
  `EMPID` varchar(32) CHARACTER SET utf8mb4 COLLATE utf8mb4_unicode_ci NOT NULL,
  `POSITIONID` varchar(32) CHARACTER SET utf8mb4 COLLATE utf8mb4_unicode_ci NULL DEFAULT NULL,
  `STATUS` int(0) NULL DEFAULT NULL,
  `NAME` varchar(20) CHARACTER SET utf8mb4 COLLATE utf8mb4_unicode_ci NULL DEFAULT NULL,
  `IMG` varchar(100) CHARACTER SET utf8mb4 COLLATE utf8mb4_unicode_ci NULL DEFAULT NULL,
  `SEX` int(0) NULL DEFAULT NULL,
  `EMAIL` varchar(30) CHARACTER SET utf8mb4 COLLATE utf8mb4_unicode_ci NULL DEFAULT NULL,
  `TELEPHONE` varchar(20) CHARACTER SET utf8mb4 COLLATE utf8mb4_unicode_ci NULL DEFAULT NULL,
  `ADDRESS` varchar(100) CHARACTER SET utf8mb4 COLLATE utf8mb4_unicode_ci NULL DEFAULT NULL,
  `CREATETIME` timestamp(6) NULL DEFAULT NULL,
  `CREATEBY` varchar(32) CHARACTER SET utf8mb4 COLLATE utf8mb4_unicode_ci NULL DEFAULT NULL,
  `UPDATETIME` timestamp(6) NULL DEFAULT NULL,
  `UPDATEBY` varchar(32) CHARACTER SET utf8mb4 COLLATE utf8mb4_unicode_ci NULL DEFAULT NULL,
  `USERID` varchar(32) CHARACTER SET utf8mb4 COLLATE utf8mb4_unicode_ci NULL DEFAULT NULL,
  PRIMARY KEY (`EMPID`) USING BTREE,
  INDEX `PK_EMPTOPOSITION`(`POSITIONID`) USING BTREE,
  INDEX `PK_USERIDD`(`USERID`) USING BTREE,
  CONSTRAINT `PK_EMPTOPOSITION` FOREIGN KEY (`POSITIONID`) REFERENCES `tb_crm_position` (`POSITIONID`) ON DELETE RESTRICT ON UPDATE RESTRICT,
  CONSTRAINT `PK_USERIDD` FOREIGN KEY (`USERID`) REFERENCES `tb_system_user` (`ID`) ON DELETE RESTRICT ON UPDATE RESTRICT
) ENGINE = InnoDB CHARACTER SET = utf8mb4 COLLATE = utf8mb4_unicode_ci ROW_FORMAT = Dynamic;

-- ----------------------------
-- Records of tb_crm_employee
-- ----------------------------
INSERT INTO `tb_crm_employee` VALUES ('40288a7d5d44202e015d44558a0b000b', NULL, NULL, 'wangwu', NULL, NULL, 'wangwu@163.com', '18979002639', '上海', NULL, NULL, NULL, NULL, NULL);
INSERT INTO `tb_crm_employee` VALUES ('40288a885cedc960015cedc965cc3211', '297ef7f75d4019ee015d401fb7340003', 2, '张三', '2', 1, 'zhangsan@qq.com', '156789345677', '湖北', NULL, NULL, NULL, NULL, NULL);
INSERT INTO `tb_crm_employee` VALUES ('40288a885cedc960015cfdc965ccadas', '297ef7f75d4019ee015d401fb7340003', 1, '阳光', '1', 1, 'yangguang@qq.com', NULL, NULL, '2006-07-17 02:38:39.000000', NULL, NULL, NULL, '297ef6f85d11a950015d11ae4d940000');
INSERT INTO `tb_crm_employee` VALUES ('40288a905d3990c7015d39aeb7ad0002', '297ef7f75d4019ee015d401fb7340003', 1, '项羽', '1', 2, 'xiangyu@163.com', NULL, NULL, '2013-07-17 10:02:17.000000', 'admin', '2013-07-17 10:02:17.000000', NULL, NULL);
INSERT INTO `tb_crm_employee` VALUES ('40288a905d408c72015d409397180000', '297ef7f75d4019ee015d401fb7340003', 1, '王刚', '1', 2, '王刚@163.com', NULL, NULL, '2014-07-17 06:10:00.000000', 'admin', '2014-07-17 06:10:00.000000', NULL, NULL);
INSERT INTO `tb_crm_employee` VALUES ('40288a905d40aace015d40ad9f460000', '2', 2, '老王', '1', 2, 'laowang@163.com', '18979036790', NULL, '2014-07-17 06:38:26.000000', 'admin', NULL, NULL, '40288a7c5d3be573015d3be890460001');
INSERT INTO `tb_crm_employee` VALUES ('40288a905d40f03d015d40f3d9460000', '1', 1, '张三', '2', 1, 'sfs@163.com', '15690089077', '上海', '2015-07-17 10:13:41.000000', 'admin', NULL, NULL, '40288a885cedc960015cedc965cc0000');
INSERT INTO `tb_crm_employee` VALUES ('40288a915d35e317015d35e55aba0000', '3', 1, '小王 ', '1', 1, 'ssd1a@163.com', '1809903456', '上海', '2015-07-17 10:13:31.000000', '张三', '2015-07-17 10:14:02.000000', 'admin', '40288a7c5d3bb8eb015d3bbabdce0000');
INSERT INTO `tb_crm_employee` VALUES ('40288a915d35e317015d35eee25a0001', '2', 2, '熊爱明', '1', 2, 'xam@163.com', '18979006790', '武汉', '2015-07-17 10:13:37.000000', 'admin', '2012-07-17 04:33:54.000000', 'admin', '4028b8815cee7a04015cee7a07682345');
INSERT INTO `tb_crm_employee` VALUES ('40288a915d35f64e015d35f7c7190000', '297ef7f75d4019ee015d401fb7340003', 1, '田忌', '2', 1, 'tianji@163.com', '18979226790', NULL, '2012-07-17 04:43:37.000000', 'admin', '2012-07-17 04:43:37.000000', NULL, NULL);

-- ----------------------------
-- Table structure for tb_crm_leads
-- ----------------------------
DROP TABLE IF EXISTS `tb_crm_leads`;
CREATE TABLE `tb_crm_leads`  (
  `LEADSID` varchar(32) CHARACTER SET utf8mb4 COLLATE utf8mb4_unicode_ci NOT NULL,
  `OWNERUSERID` varchar(32) CHARACTER SET utf8mb4 COLLATE utf8mb4_unicode_ci NULL DEFAULT NULL,
  `CREATORUSERID` varchar(32) CHARACTER SET utf8mb4 COLLATE utf8mb4_unicode_ci NULL DEFAULT NULL,
  `NAME` varchar(255) CHARACTER SET utf8mb4 COLLATE utf8mb4_unicode_ci NULL DEFAULT NULL,
  `POSITION` varchar(20) CHARACTER SET utf8mb4 COLLATE utf8mb4_unicode_ci NULL DEFAULT NULL,
  `CONTACTSNAME` varchar(255) CHARACTER SET utf8mb4 COLLATE utf8mb4_unicode_ci NULL DEFAULT NULL,
  `SALTNAME` varchar(255) CHARACTER SET utf8mb4 COLLATE utf8mb4_unicode_ci NULL DEFAULT NULL,
  `MOBILE` varchar(255) CHARACTER SET utf8mb4 COLLATE utf8mb4_unicode_ci NULL DEFAULT NULL,
  `EMAIL` varchar(5) CHARACTER SET utf8mb4 COLLATE utf8mb4_unicode_ci NULL DEFAULT NULL,
  `CREATETIME` timestamp(6) NULL DEFAULT NULL,
  `UPDATETIME` timestamp(6) NULL DEFAULT NULL,
  `ISDELETED` int(0) NULL DEFAULT NULL,
  `DELETEUSERID` varchar(32) CHARACTER SET utf8mb4 COLLATE utf8mb4_unicode_ci NULL DEFAULT NULL,
  `DELETETIME` timestamp(6) NULL DEFAULT NULL,
  `ISTRANSFORMED` int(0) NULL DEFAULT NULL,
  `TRANSFORMUSERID` varchar(32) CHARACTER SET utf8mb4 COLLATE utf8mb4_unicode_ci NULL DEFAULT NULL,
  `CONTACTSID` varchar(32) CHARACTER SET utf8mb4 COLLATE utf8mb4_unicode_ci NULL DEFAULT NULL,
  `CUSTOMERID` varchar(32) CHARACTER SET utf8mb4 COLLATE utf8mb4_unicode_ci NULL DEFAULT NULL,
  `BUSINESSID` varchar(32) CHARACTER SET utf8mb4 COLLATE utf8mb4_unicode_ci NULL DEFAULT NULL,
  `NEXTSTEP` varchar(50) CHARACTER SET utf8mb4 COLLATE utf8mb4_unicode_ci NULL DEFAULT NULL,
  `NEXTSTEPTIME` timestamp(6) NULL DEFAULT NULL,
  `HAVETIME` timestamp(6) NULL DEFAULT NULL,
  `ADDRESS` varchar(500) CHARACTER SET utf8mb4 COLLATE utf8mb4_unicode_ci NULL DEFAULT NULL,
  `SOURCE` varchar(500) CHARACTER SET utf8mb4 COLLATE utf8mb4_unicode_ci NULL DEFAULT NULL,
  `LEADNOTE` varchar(255) CHARACTER SET utf8mb4 COLLATE utf8mb4_unicode_ci NULL DEFAULT NULL,
  PRIMARY KEY (`LEADSID`) USING BTREE,
  INDEX `PK_CREATOR`(`CREATORUSERID`) USING BTREE,
  INDEX `PK_DELETER`(`DELETEUSERID`) USING BTREE,
  INDEX `PK_OWNER`(`OWNERUSERID`) USING BTREE,
  INDEX `PK_TOBUSINESS`(`BUSINESSID`) USING BTREE,
  INDEX `PK_TOCONTACTS`(`CONTACTSID`) USING BTREE,
  INDEX `PK_TOCUSTOMERID`(`CUSTOMERID`) USING BTREE,
  INDEX `PK_TRANSFORMUSER`(`TRANSFORMUSERID`) USING BTREE,
  CONSTRAINT `PK_CREATOR` FOREIGN KEY (`CREATORUSERID`) REFERENCES `tb_system_user` (`ID`) ON DELETE RESTRICT ON UPDATE RESTRICT,
  CONSTRAINT `PK_DELETER` FOREIGN KEY (`DELETEUSERID`) REFERENCES `tb_system_user` (`ID`) ON DELETE RESTRICT ON UPDATE RESTRICT,
  CONSTRAINT `PK_OWNER` FOREIGN KEY (`OWNERUSERID`) REFERENCES `tb_system_user` (`ID`) ON DELETE RESTRICT ON UPDATE RESTRICT,
  CONSTRAINT `PK_TOBUSINESS` FOREIGN KEY (`BUSINESSID`) REFERENCES `tb_crm_business` (`BUSINESSID`) ON DELETE RESTRICT ON UPDATE RESTRICT,
  CONSTRAINT `PK_TOCONTACTS` FOREIGN KEY (`CONTACTSID`) REFERENCES `tb_crm_contacts` (`CONTACTSID`) ON DELETE RESTRICT ON UPDATE RESTRICT,
  CONSTRAINT `PK_TOCUSTOMERID` FOREIGN KEY (`CUSTOMERID`) REFERENCES `tb_crm_customer` (`CUSTOMERID`) ON DELETE RESTRICT ON UPDATE RESTRICT,
  CONSTRAINT `PK_TRANSFORMUSER` FOREIGN KEY (`TRANSFORMUSERID`) REFERENCES `tb_system_user` (`ID`) ON DELETE RESTRICT ON UPDATE RESTRICT
) ENGINE = InnoDB CHARACTER SET = utf8mb4 COLLATE = utf8mb4_unicode_ci ROW_FORMAT = Dynamic;

-- ----------------------------
-- Records of tb_crm_leads
-- ----------------------------

-- ----------------------------
-- Table structure for tb_crm_login_history
-- ----------------------------
DROP TABLE IF EXISTS `tb_crm_login_history`;
CREATE TABLE `tb_crm_login_history`  (
  `LOGINID` varchar(32) CHARACTER SET utf8mb4 COLLATE utf8mb4_unicode_ci NOT NULL,
  `USERID` varchar(32) CHARACTER SET utf8mb4 COLLATE utf8mb4_unicode_ci NULL DEFAULT NULL,
  `LOGINTIME` timestamp(6) NULL DEFAULT NULL,
  `LOGINIP` varchar(50) CHARACTER SET utf8mb4 COLLATE utf8mb4_unicode_ci NULL DEFAULT NULL,
  `LOGINSTATUS` varchar(6) CHARACTER SET utf8mb4 COLLATE utf8mb4_unicode_ci NULL DEFAULT NULL,
  PRIMARY KEY (`LOGINID`) USING BTREE,
  INDEX `FK_SYSTEM_USER_LOGIN_HISTORY`(`USERID`) USING BTREE,
  CONSTRAINT `FK_SYSTEM_USER_LOGIN_HISTORY` FOREIGN KEY (`USERID`) REFERENCES `tb_system_user` (`ID`) ON DELETE RESTRICT ON UPDATE RESTRICT
) ENGINE = InnoDB CHARACTER SET = utf8mb4 COLLATE = utf8mb4_unicode_ci ROW_FORMAT = Dynamic;

-- ----------------------------
-- Records of tb_crm_login_history
-- ----------------------------
INSERT INTO `tb_crm_login_history` VALUES ('00279b27d53711ee852888a4c297e0b0', '40288a885cedc960015cedc965cc0000', '2024-02-27 14:11:09.747000', '0:0:0:0:0:0:0:1', '正常');
INSERT INTO `tb_crm_login_history` VALUES ('008d3e27d0d611ee981388a4c297e0b0', '40288a885cedc960015cedc965cc0000', '2024-02-22 00:26:44.588000', '0:0:0:0:0:0:0:1', '正常');
INSERT INTO `tb_crm_login_history` VALUES ('0113119dd41011eea03d88a4c297e0b0', '40288a885cedc960015cedc965cc0000', '2024-02-26 02:59:29.764000', '0:0:0:0:0:0:0:1', '正常');
INSERT INTO `tb_crm_login_history` VALUES ('031a9907d3d911eea03d88a4c297e0b0', '40288a885cedc960015cedc965cc0000', '2024-02-25 20:25:50.849000', '0:0:0:0:0:0:0:1', '正常');
INSERT INTO `tb_crm_login_history` VALUES ('03a44e58d3d611eea03d88a4c297e0b0', '40288a885cedc960015cedc965cc0000', '2024-02-25 20:04:23.262000', '0:0:0:0:0:0:0:1', '正常');
INSERT INTO `tb_crm_login_history` VALUES ('0e147dedd40711eea03d88a4c297e0b0', '40288a885cedc960015cedc965cc0000', '2024-02-26 01:55:26.113000', '127.0.0.1', '正常');
INSERT INTO `tb_crm_login_history` VALUES ('1286f64dd0c811ee981388a4c297e0b0', '40288a885cedc960015cedc965cc0000', '2024-02-21 22:47:01.792000', '0:0:0:0:0:0:0:1', '正常');
INSERT INTO `tb_crm_login_history` VALUES ('193c83b4d0c211ee981388a4c297e0b0', '40288a885cedc960015cedc965cc0000', '2024-02-21 22:04:16.068000', '0:0:0:0:0:0:0:1', '正常');
INSERT INTO `tb_crm_login_history` VALUES ('1cfd46d8d0d711ee981388a4c297e0b0', '40288a885cedc960015cedc965cc0000', '2024-02-22 00:34:41.796000', '0:0:0:0:0:0:0:1', '正常');
INSERT INTO `tb_crm_login_history` VALUES ('1fb433cfd41011eea03d88a4c297e0b0', '40288a885cedc960015cedc965cc0000', '2024-02-26 03:00:21.152000', '0:0:0:0:0:0:0:1', '正常');
INSERT INTO `tb_crm_login_history` VALUES ('23ada08ed0c611ee981388a4c297e0b0', '40288a885cedc960015cedc965cc0000', '2024-02-21 22:33:11.573000', '0:0:0:0:0:0:0:1', '正常');
INSERT INTO `tb_crm_login_history` VALUES ('297a422ed0d111ee981388a4c297e0b0', '40288a885cedc960015cedc965cc0000', '2024-02-21 23:52:05.768000', '0:0:0:0:0:0:0:1', '正常');
INSERT INTO `tb_crm_login_history` VALUES ('2a58fe7dd3dd11eea03d88a4c297e0b0', '40288a885cedc960015cedc965cc0000', '2024-02-25 20:55:34.676000', '0:0:0:0:0:0:0:1', '正常');
INSERT INTO `tb_crm_login_history` VALUES ('2ae67b9cd0c111ee981388a4c297e0b0', '40288a885cedc960015cedc965cc0000', '2024-02-21 21:57:36.206000', '0:0:0:0:0:0:0:1', '正常');
INSERT INTO `tb_crm_login_history` VALUES ('2fdd6aa7d0d411ee981388a4c297e0b0', '40288a885cedc960015cedc965cc0000', '2024-02-22 00:13:44.974000', '0:0:0:0:0:0:0:1', '正常');
INSERT INTO `tb_crm_login_history` VALUES ('33c18a08d3d911eea03d88a4c297e0b0', '40288a885cedc960015cedc965cc0000', '2024-02-25 20:27:12.473000', '0:0:0:0:0:0:0:1', '正常');
INSERT INTO `tb_crm_login_history` VALUES ('340d9989d53b11ee852888a4c297e0b0', '40288a885cedc960015cedc965cc0000', '2024-02-27 14:41:14.814000', '0:0:0:0:0:0:0:1', '正常');
INSERT INTO `tb_crm_login_history` VALUES ('3a002a72d0b011ee981388a4c297e0b0', '40288a885cedc960015cedc965cc0000', '2024-02-21 19:56:20.096000', '0:0:0:0:0:0:0:1', '正常');
INSERT INTO `tb_crm_login_history` VALUES ('3a54be2fd0d911ee981388a4c297e0b0', '40288a885cedc960015cedc965cc0000', '2024-02-22 00:49:50.017000', '0:0:0:0:0:0:0:1', '正常');
INSERT INTO `tb_crm_login_history` VALUES ('3f0e88e8d41011eea03d88a4c297e0b0', '40288a885cedc960015cedc965cc0000', '2024-02-26 03:01:13.753000', '0:0:0:0:0:0:0:1', '正常');
INSERT INTO `tb_crm_login_history` VALUES ('4025adbfd4df11eea12c88a4c297e0b0', '40288a885cedc960015cedc965cc0000', '2024-02-27 03:43:01.397000', '0:0:0:0:0:0:0:1', '正常');
INSERT INTO `tb_crm_login_history` VALUES ('47c6bbbdd0d611ee981388a4c297e0b0', '40288a885cedc960015cedc965cc0000', '2024-02-22 00:28:44.083000', '0:0:0:0:0:0:0:1', '正常');
INSERT INTO `tb_crm_login_history` VALUES ('4b577260d0c711ee981388a4c297e0b0', '40288a885cedc960015cedc965cc0000', '2024-02-21 22:41:27.614000', '0:0:0:0:0:0:0:1', '正常');
INSERT INTO `tb_crm_login_history` VALUES ('4e7223ded0d211ee981388a4c297e0b0', '40288a885cedc960015cedc965cc0000', '2024-02-22 00:00:17.287000', '0:0:0:0:0:0:0:1', '正常');
INSERT INTO `tb_crm_login_history` VALUES ('5048d670d0d011ee981388a4c297e0b0', '40288a885cedc960015cedc965cc0000', '2024-02-21 23:46:01.378000', '0:0:0:0:0:0:0:1', '正常');
INSERT INTO `tb_crm_login_history` VALUES ('514ab81fd4e711eea12c88a4c297e0b0', '40288a885cedc960015cedc965cc0000', '2024-02-27 04:40:46.144000', '0:0:0:0:0:0:0:1', '正常');
INSERT INTO `tb_crm_login_history` VALUES ('597db077d0c611ee981388a4c297e0b0', '40288a885cedc960015cedc965cc0000', '2024-02-21 22:34:41.856000', '0:0:0:0:0:0:0:1', '正常');
INSERT INTO `tb_crm_login_history` VALUES ('5b881d58d41011eea03d88a4c297e0b0', '40288a885cedc960015cedc965cc0000', '2024-02-26 03:02:01.526000', '0:0:0:0:0:0:0:1', '正常');
INSERT INTO `tb_crm_login_history` VALUES ('63766ef3d3d611eea03d88a4c297e0b0', '40288a885cedc960015cedc965cc0000', '2024-02-25 20:07:04.021000', '0:0:0:0:0:0:0:1', '正常');
INSERT INTO `tb_crm_login_history` VALUES ('64312824d3db11eea03d88a4c297e0b0', '40288a885cedc960015cedc965cc0000', '2024-02-25 20:42:52.729000', '0:0:0:0:0:0:0:1', '正常');
INSERT INTO `tb_crm_login_history` VALUES ('6c9a6318d0c211ee981388a4c297e0b0', '40288a885cedc960015cedc965cc0000', '2024-02-21 22:06:35.934000', '0:0:0:0:0:0:0:1', '正常');
INSERT INTO `tb_crm_login_history` VALUES ('75a62e80d3d511eea03d88a4c297e0b0', '40288a885cedc960015cedc965cc0000', '2024-02-25 20:00:25.037000', '0:0:0:0:0:0:0:1', '正常');
INSERT INTO `tb_crm_login_history` VALUES ('8a645bdbd0b011ee981388a4c297e0b0', '40288a885cedc960015cedc965cc0000', '2024-02-21 19:58:34.970000', '0:0:0:0:0:0:0:1', '正常');
INSERT INTO `tb_crm_login_history` VALUES ('8f9d74b0d53d11ee852888a4c297e0b0', '40288a885cedc960015cedc965cc0000', '2024-02-27 14:58:07.423000', '0:0:0:0:0:0:0:1', '正常');
INSERT INTO `tb_crm_login_history` VALUES ('9834100ad3d611eea03d88a4c297e0b0', '40288a885cedc960015cedc965cc0000', '2024-02-25 20:08:32.506000', '0:0:0:0:0:0:0:1', '正常');
INSERT INTO `tb_crm_login_history` VALUES ('9ac3aefbd53b11ee852888a4c297e0b0', '40288a885cedc960015cedc965cc0000', '2024-02-27 14:44:07.135000', '0:0:0:0:0:0:0:1', '正常');
INSERT INTO `tb_crm_login_history` VALUES ('9e6da2aad3dd11eea03d88a4c297e0b0', '40288a885cedc960015cedc965cc0000', '2024-02-25 20:58:49.427000', '0:0:0:0:0:0:0:1', '正常');
INSERT INTO `tb_crm_login_history` VALUES ('a51fd585d0c211ee981388a4c297e0b0', '40288a885cedc960015cedc965cc0000', '2024-02-21 22:08:10.761000', '0:0:0:0:0:0:0:1', '正常');
INSERT INTO `tb_crm_login_history` VALUES ('a993eef5d3d711eea03d88a4c297e0b0', '40288a885cedc960015cedc965cc0000', '2024-02-25 20:16:11.152000', '0:0:0:0:0:0:0:1', '正常');
INSERT INTO `tb_crm_login_history` VALUES ('abab1670d3de11eea03d88a4c297e0b0', '40288a885cedc960015cedc965cc0000', '2024-02-25 21:06:21.137000', '0:0:0:0:0:0:0:1', '正常');
INSERT INTO `tb_crm_login_history` VALUES ('b13811bed0d811ee981388a4c297e0b0', '40288a885cedc960015cedc965cc0000', '2024-02-22 00:45:59.981000', '0:0:0:0:0:0:0:1', '正常');
INSERT INTO `tb_crm_login_history` VALUES ('c2fc37c6d53b11ee852888a4c297e0b0', '40288a885cedc960015cedc965cc0000', '2024-02-27 14:45:14.615000', '0:0:0:0:0:0:0:1', '正常');
INSERT INTO `tb_crm_login_history` VALUES ('c3d552f7d3d411eea03d88a4c297e0b0', '40288a885cedc960015cedc965cc0000', '2024-02-25 19:55:26.702000', '0:0:0:0:0:0:0:1', '正常');
INSERT INTO `tb_crm_login_history` VALUES ('ca71f197d3e511eea03d88a4c297e0b0', '40288a885cedc960015cedc965cc0000', '2024-02-25 21:57:19.249000', '0:0:0:0:0:0:0:1', '正常');
INSERT INTO `tb_crm_login_history` VALUES ('cf1bdda5d0af11ee981388a4c297e0b0', '40288a885cedc960015cedc965cc0000', '2024-02-21 19:53:20.751000', '0:0:0:0:0:0:0:1', '正常');
INSERT INTO `tb_crm_login_history` VALUES ('d2bb3616d3d811eea03d88a4c297e0b0', '40288a885cedc960015cedc965cc0000', '2024-02-25 20:24:29.693000', '0:0:0:0:0:0:0:1', '正常');
INSERT INTO `tb_crm_login_history` VALUES ('d53d794fd0c011ee981388a4c297e0b0', '40288a885cedc960015cedc965cc0000', '2024-02-21 21:55:12.493000', '0:0:0:0:0:0:0:1', '正常');
INSERT INTO `tb_crm_login_history` VALUES ('da93a954d0c211ee981388a4c297e0b0', '40288a885cedc960015cedc965cc0000', '2024-02-21 22:09:40.440000', '0:0:0:0:0:0:0:1', '正常');
INSERT INTO `tb_crm_login_history` VALUES ('ed93ccddd3d411eea03d88a4c297e0b0', '40288a885cedc960015cedc965cc0000', '2024-02-25 19:56:36.746000', '0:0:0:0:0:0:0:1', '正常');
INSERT INTO `tb_crm_login_history` VALUES ('f0d7230ed0b111ee981388a4c297e0b0', '40288a885cedc960015cedc965cc0000', '2024-02-21 20:08:36.347000', '0:0:0:0:0:0:0:1', '正常');
INSERT INTO `tb_crm_login_history` VALUES ('f12482fbd40211eea03d88a4c297e0b0', '40288a885cedc960015cedc965cc0000', '2024-02-26 01:25:59.577000', '0:0:0:0:0:0:0:1', '正常');
INSERT INTO `tb_crm_login_history` VALUES ('f384456fd0bb11ee981388a4c297e0b0', '40288a885cedc960015cedc965cc0000', '2024-02-21 21:20:15.804000', '0:0:0:0:0:0:0:1', '正常');
INSERT INTO `tb_crm_login_history` VALUES ('f4ac4eedd0cc11ee981388a4c297e0b0', '40288a885cedc960015cedc965cc0000', '2024-02-21 23:21:59.189000', '0:0:0:0:0:0:0:1', '正常');
INSERT INTO `tb_crm_login_history` VALUES ('f4e80794d0d211ee981388a4c297e0b0', '40288a885cedc960015cedc965cc0000', '2024-02-22 00:04:56.561000', '0:0:0:0:0:0:0:1', '正常');
INSERT INTO `tb_crm_login_history` VALUES ('ff1d43e0d0b011ee981388a4c297e0b0', '40288a885cedc960015cedc965cc0000', '2024-02-21 20:01:50.798000', '0:0:0:0:0:0:0:1', '正常');

-- ----------------------------
-- Table structure for tb_crm_message
-- ----------------------------
DROP TABLE IF EXISTS `tb_crm_message`;
CREATE TABLE `tb_crm_message`  (
  `MESSAGEID` varchar(32) CHARACTER SET utf8mb4 COLLATE utf8mb4_unicode_ci NOT NULL,
  `TOUSERID` varchar(32) CHARACTER SET utf8mb4 COLLATE utf8mb4_unicode_ci NULL DEFAULT NULL,
  `FROMUSERID` varchar(32) CHARACTER SET utf8mb4 COLLATE utf8mb4_unicode_ci NULL DEFAULT NULL,
  `CONTENT` longtext CHARACTER SET utf8mb4 COLLATE utf8mb4_unicode_ci NULL,
  `READTIME` timestamp(6) NULL DEFAULT NULL,
  `SENDTIME` timestamp(6) NULL DEFAULT NULL,
  `STATUS` int(0) NULL DEFAULT NULL,
  PRIMARY KEY (`MESSAGEID`) USING BTREE,
  INDEX `FK_SYSTEM_USER_TB_CRM_MESSAGE`(`TOUSERID`) USING BTREE,
  INDEX `FK_SYSTEM_USER_TB_CRM_MESSAGE2`(`FROMUSERID`) USING BTREE,
  CONSTRAINT `FK_SYSTEM_USER_TB_CRM_MESSAGE` FOREIGN KEY (`TOUSERID`) REFERENCES `tb_system_user` (`ID`) ON DELETE RESTRICT ON UPDATE RESTRICT,
  CONSTRAINT `FK_SYSTEM_USER_TB_CRM_MESSAGE2` FOREIGN KEY (`FROMUSERID`) REFERENCES `tb_system_user` (`ID`) ON DELETE RESTRICT ON UPDATE RESTRICT
) ENGINE = InnoDB CHARACTER SET = utf8mb4 COLLATE = utf8mb4_unicode_ci ROW_FORMAT = Dynamic;

-- ----------------------------
-- Records of tb_crm_message
-- ----------------------------
INSERT INTO `tb_crm_message` VALUES ('143', '297ef6f85d16d4ea015d16d9b05d0001', '297ef6f85d16d4ea015d16d9b05d0001', NULL, '2013-07-17 05:38:37.000000', '2012-07-17 05:38:43.000000', 1);

-- ----------------------------
-- Table structure for tb_crm_position
-- ----------------------------
DROP TABLE IF EXISTS `tb_crm_position`;
CREATE TABLE `tb_crm_position`  (
  `POSITIONID` varchar(32) CHARACTER SET utf8mb4 COLLATE utf8mb4_unicode_ci NOT NULL,
  `PARENTID` varchar(32) CHARACTER SET utf8mb4 COLLATE utf8mb4_unicode_ci NULL DEFAULT NULL,
  `NAME` varchar(20) CHARACTER SET utf8mb4 COLLATE utf8mb4_unicode_ci NULL DEFAULT NULL,
  `DEPARTMENTID` varchar(32) CHARACTER SET utf8mb4 COLLATE utf8mb4_unicode_ci NULL DEFAULT NULL,
  `DESCRIPTION` varchar(200) CHARACTER SET utf8mb4 COLLATE utf8mb4_unicode_ci NULL DEFAULT NULL,
  PRIMARY KEY (`POSITIONID`) USING BTREE,
  INDEX `PK_DEPTNO`(`DEPARTMENTID`) USING BTREE,
  INDEX `PK_PARENT`(`PARENTID`) USING BTREE,
  CONSTRAINT `PK_DEPTNO` FOREIGN KEY (`DEPARTMENTID`) REFERENCES `tb_crm_department` (`DEPARTMENTID`) ON DELETE RESTRICT ON UPDATE RESTRICT,
  CONSTRAINT `PK_PARENT` FOREIGN KEY (`PARENTID`) REFERENCES `tb_crm_position` (`POSITIONID`) ON DELETE RESTRICT ON UPDATE RESTRICT
) ENGINE = InnoDB CHARACTER SET = utf8mb4 COLLATE = utf8mb4_unicode_ci ROW_FORMAT = Dynamic;

-- ----------------------------
-- Records of tb_crm_position
-- ----------------------------
INSERT INTO `tb_crm_position` VALUES ('1', NULL, '人事岗位', 'a135c1f8238842f5844732d3279ba635', '用于测试得');
INSERT INTO `tb_crm_position` VALUES ('2', '1', '研发岗位', 'a135c1f8238842f5844732d3279ba635', '用于测试得');
INSERT INTO `tb_crm_position` VALUES ('297ef7f75d4019ee015d401fb7340003', '1', '打扫厕所', 'f5ce0e5fa94a41fdb135ec029dd8f3c8', '为了人们的干净，去干吧！');
INSERT INTO `tb_crm_position` VALUES ('297ef7f75d4019ee015d402042ae0004', '1', '秘书岗位', 'a135c1f8238842f5844732d3279ba635', '经理所拥有的特权');
INSERT INTO `tb_crm_position` VALUES ('3', '1', '测试岗位', 'a135c1f8238842f5844732d3279ba635', '用于测试得');

-- ----------------------------
-- Table structure for tb_crm_product
-- ----------------------------
DROP TABLE IF EXISTS `tb_crm_product`;
CREATE TABLE `tb_crm_product`  (
  `PRODUCTID` varchar(32) CHARACTER SET utf8mb4 COLLATE utf8mb4_unicode_ci NOT NULL,
  `CATEGORYID` varchar(32) CHARACTER SET utf8mb4 COLLATE utf8mb4_unicode_ci NULL DEFAULT NULL,
  `NAME` varchar(200) CHARACTER SET utf8mb4 COLLATE utf8mb4_unicode_ci NULL DEFAULT NULL,
  `CREATORUSERID` varchar(32) CHARACTER SET utf8mb4 COLLATE utf8mb4_unicode_ci NULL DEFAULT NULL,
  `COSTPRICE` int(0) NULL DEFAULT NULL,
  `SUGGESTEDPRICE` int(0) NULL DEFAULT NULL,
  `DEVELOPMENTTEAM` varchar(255) CHARACTER SET utf8mb4 COLLATE utf8mb4_unicode_ci NULL DEFAULT NULL,
  `DEVELOPMENTTIME` timestamp(6) NULL DEFAULT NULL,
  `LINK` varchar(200) CHARACTER SET utf8mb4 COLLATE utf8mb4_unicode_ci NULL DEFAULT NULL,
  `CREATETIME` timestamp(6) NULL DEFAULT NULL,
  `UPDATETIME` timestamp(6) NULL DEFAULT NULL,
  `DESCRIPTION` varchar(200) CHARACTER SET utf8mb4 COLLATE utf8mb4_unicode_ci NULL DEFAULT NULL,
  PRIMARY KEY (`PRODUCTID`) USING BTREE,
  INDEX `PK_PRODUCT_CATEGORY`(`CATEGORYID`) USING BTREE,
  INDEX `PK_PRODUCT_CREATE_USER`(`CREATORUSERID`) USING BTREE,
  CONSTRAINT `PK_PRODUCT_CATEGORY` FOREIGN KEY (`CATEGORYID`) REFERENCES `tb_crm_product_category` (`CATEGORYID`) ON DELETE RESTRICT ON UPDATE RESTRICT,
  CONSTRAINT `PK_PRODUCT_CREATE_USER` FOREIGN KEY (`CREATORUSERID`) REFERENCES `tb_system_user` (`ID`) ON DELETE RESTRICT ON UPDATE RESTRICT
) ENGINE = InnoDB CHARACTER SET = utf8mb4 COLLATE = utf8mb4_unicode_ci ROW_FORMAT = Dynamic;

-- ----------------------------
-- Records of tb_crm_product
-- ----------------------------
INSERT INTO `tb_crm_product` VALUES ('297ef6f85d11a950015d11ae4d940101', NULL, 'phone', '40288a885cedc960015cedc965cc0000', 1200, 2000, NULL, NULL, NULL, '2005-07-17 07:29:55.000000', '2006-07-17 07:30:01.000000', NULL);
INSERT INTO `tb_crm_product` VALUES ('40288a055d213a6c015d213b3dcd0000', NULL, 'vivo', '40288a885cedc960015cedc965cc0000', 3100, 3600, NULL, NULL, 'www.baidu.com', '2008-07-17 04:05:16.000000', '2008-07-17 04:05:16.000000', NULL);
INSERT INTO `tb_crm_product` VALUES ('40288a055d213c1f015d213c91d30000', NULL, 'khdsa', '40288a885cedc960015cedc965cc0000', 5000, 7000, NULL, NULL, 'shdjghs', '2008-07-17 04:06:43.000000', '2008-07-17 04:06:43.000000', NULL);
INSERT INTO `tb_crm_product` VALUES ('40288a075d168983015d16aa5c760002', NULL, 'dianshiji', '40288a885cedc960015cedc965cc0000', 2000, 3000, NULL, NULL, 'www.baidu.com', '2006-07-17 02:50:49.000000', '2020-03-14 06:20:22.000000', NULL);

-- ----------------------------
-- Table structure for tb_crm_product_category
-- ----------------------------
DROP TABLE IF EXISTS `tb_crm_product_category`;
CREATE TABLE `tb_crm_product_category`  (
  `CATEGORYID` varchar(32) CHARACTER SET utf8mb4 COLLATE utf8mb4_unicode_ci NOT NULL,
  `PARENTID` varchar(32) CHARACTER SET utf8mb4 COLLATE utf8mb4_unicode_ci NULL DEFAULT NULL,
  `NAME` varchar(30) CHARACTER SET utf8mb4 COLLATE utf8mb4_unicode_ci NULL DEFAULT NULL,
  `DESCRIPTION` varchar(100) CHARACTER SET utf8mb4 COLLATE utf8mb4_unicode_ci NULL DEFAULT NULL,
  PRIMARY KEY (`CATEGORYID`) USING BTREE,
  INDEX `PK_PRODUCT_CATEGORY_PARENT`(`PARENTID`) USING BTREE,
  CONSTRAINT `PK_PRODUCT_CATEGORY_PARENT` FOREIGN KEY (`PARENTID`) REFERENCES `tb_crm_product_category` (`CATEGORYID`) ON DELETE RESTRICT ON UPDATE RESTRICT
) ENGINE = InnoDB CHARACTER SET = utf8mb4 COLLATE = utf8mb4_unicode_ci ROW_FORMAT = Dynamic;

-- ----------------------------
-- Records of tb_crm_product_category
-- ----------------------------

-- ----------------------------
-- Table structure for tb_crm_product_images
-- ----------------------------
DROP TABLE IF EXISTS `tb_crm_product_images`;
CREATE TABLE `tb_crm_product_images`  (
  `IMAGESID` varchar(32) CHARACTER SET utf8mb4 COLLATE utf8mb4_unicode_ci NOT NULL,
  `PRODUCTID` varchar(32) CHARACTER SET utf8mb4 COLLATE utf8mb4_unicode_ci NULL DEFAULT NULL,
  `ISMAIN` int(0) NULL DEFAULT NULL,
  `NAME` varchar(500) CHARACTER SET utf8mb4 COLLATE utf8mb4_unicode_ci NULL DEFAULT NULL,
  `SAVENAME` varchar(500) CHARACTER SET utf8mb4 COLLATE utf8mb4_unicode_ci NULL DEFAULT NULL,
  `IMAGESIZE` varchar(500) CHARACTER SET utf8mb4 COLLATE utf8mb4_unicode_ci NULL DEFAULT NULL,
  `PATH` varchar(500) CHARACTER SET utf8mb4 COLLATE utf8mb4_unicode_ci NULL DEFAULT NULL,
  `CREATETIME` timestamp(6) NULL DEFAULT NULL,
  `SORTNUM` int(0) NULL DEFAULT NULL,
  PRIMARY KEY (`IMAGESID`) USING BTREE,
  INDEX `PK_PRODUCT_IMAGE_CREATE`(`PRODUCTID`) USING BTREE,
  CONSTRAINT `PK_PRODUCT_IMAGE_CREATE` FOREIGN KEY (`PRODUCTID`) REFERENCES `tb_crm_product` (`PRODUCTID`) ON DELETE RESTRICT ON UPDATE RESTRICT
) ENGINE = InnoDB CHARACTER SET = utf8mb4 COLLATE = utf8mb4_unicode_ci ROW_FORMAT = Dynamic;

-- ----------------------------
-- Records of tb_crm_product_images
-- ----------------------------

-- ----------------------------
-- Table structure for tb_crm_r_business_contract
-- ----------------------------
DROP TABLE IF EXISTS `tb_crm_r_business_contract`;
CREATE TABLE `tb_crm_r_business_contract`  (
  `BUSINESSID` varchar(32) CHARACTER SET utf8mb4 COLLATE utf8mb4_unicode_ci NOT NULL,
  `CONTRACTID` varchar(32) CHARACTER SET utf8mb4 COLLATE utf8mb4_unicode_ci NOT NULL,
  PRIMARY KEY (`BUSINESSID`, `CONTRACTID`) USING BTREE,
  INDEX `PK_BUSINESS1`(`CONTRACTID`) USING BTREE,
  CONSTRAINT `PK_BUSINESS1` FOREIGN KEY (`CONTRACTID`) REFERENCES `tb_crm_contract` (`CONTRACTID`) ON DELETE RESTRICT ON UPDATE RESTRICT,
  CONSTRAINT `PK_BUSINESSID123` FOREIGN KEY (`BUSINESSID`) REFERENCES `tb_crm_business` (`BUSINESSID`) ON DELETE RESTRICT ON UPDATE RESTRICT
) ENGINE = InnoDB CHARACTER SET = utf8mb4 COLLATE = utf8mb4_unicode_ci ROW_FORMAT = Dynamic;

-- ----------------------------
-- Records of tb_crm_r_business_contract
-- ----------------------------

-- ----------------------------
-- Table structure for tb_crm_r_business_customer
-- ----------------------------
DROP TABLE IF EXISTS `tb_crm_r_business_customer`;
CREATE TABLE `tb_crm_r_business_customer`  (
  `BUSINESSID` varchar(32) CHARACTER SET utf8mb4 COLLATE utf8mb4_unicode_ci NOT NULL,
  `CUSTOMERID` varchar(32) CHARACTER SET utf8mb4 COLLATE utf8mb4_unicode_ci NOT NULL,
  PRIMARY KEY (`BUSINESSID`, `CUSTOMERID`) USING BTREE,
  INDEX `PK_TOCUSTOMERII`(`CUSTOMERID`) USING BTREE,
  CONSTRAINT `PK_TOBUSINES` FOREIGN KEY (`BUSINESSID`) REFERENCES `tb_crm_business` (`BUSINESSID`) ON DELETE RESTRICT ON UPDATE RESTRICT,
  CONSTRAINT `PK_TOCUSTOMERII` FOREIGN KEY (`CUSTOMERID`) REFERENCES `tb_crm_customer` (`CUSTOMERID`) ON DELETE RESTRICT ON UPDATE RESTRICT
) ENGINE = InnoDB CHARACTER SET = utf8mb4 COLLATE = utf8mb4_unicode_ci ROW_FORMAT = Dynamic;

-- ----------------------------
-- Records of tb_crm_r_business_customer
-- ----------------------------

-- ----------------------------
-- Table structure for tb_crm_r_business_product
-- ----------------------------
DROP TABLE IF EXISTS `tb_crm_r_business_product`;
CREATE TABLE `tb_crm_r_business_product`  (
  `ID` varchar(32) CHARACTER SET utf8mb4 COLLATE utf8mb4_unicode_ci NOT NULL,
  `BUSINESSID` varchar(32) CHARACTER SET utf8mb4 COLLATE utf8mb4_unicode_ci NULL DEFAULT NULL,
  `PRODUCTID` varchar(32) CHARACTER SET utf8mb4 COLLATE utf8mb4_unicode_ci NULL DEFAULT NULL,
  `SALESPRICE` int(0) NULL DEFAULT NULL,
  `ESTIMATEPRICE` int(0) NULL DEFAULT NULL,
  `AMOUNT` int(0) NULL DEFAULT NULL,
  `DISCOUNTRATE` int(0) NULL DEFAULT NULL,
  `TAXRRATE` int(0) NULL DEFAULT NULL,
  `UNITPRICE` int(0) NULL DEFAULT NULL,
  `SUBTOTAL` int(0) NULL DEFAULT NULL,
  `DESCRIPTION` varchar(200) CHARACTER SET utf8mb4 COLLATE utf8mb4_unicode_ci NULL DEFAULT NULL,
  `SUBTOTALVAL` int(0) NULL DEFAULT NULL,
  `DISCOUNTPRICE` int(0) NULL DEFAULT NULL,
  PRIMARY KEY (`ID`) USING BTREE,
  INDEX `PK_BUS`(`BUSINESSID`) USING BTREE,
  INDEX `PK_POUHFR`(`PRODUCTID`) USING BTREE,
  CONSTRAINT `PK_BUS` FOREIGN KEY (`BUSINESSID`) REFERENCES `tb_crm_business` (`BUSINESSID`) ON DELETE RESTRICT ON UPDATE RESTRICT,
  CONSTRAINT `PK_POUHFR` FOREIGN KEY (`PRODUCTID`) REFERENCES `tb_crm_product` (`PRODUCTID`) ON DELETE RESTRICT ON UPDATE RESTRICT
) ENGINE = InnoDB CHARACTER SET = utf8mb4 COLLATE = utf8mb4_unicode_ci ROW_FORMAT = Dynamic;

-- ----------------------------
-- Records of tb_crm_r_business_product
-- ----------------------------

-- ----------------------------
-- Table structure for tb_crm_sms_record
-- ----------------------------
DROP TABLE IF EXISTS `tb_crm_sms_record`;
CREATE TABLE `tb_crm_sms_record`  (
  `SMSRECORDID` varchar(32) CHARACTER SET utf8mb4 COLLATE utf8mb4_unicode_ci NOT NULL,
  `USERID` varchar(32) CHARACTER SET utf8mb4 COLLATE utf8mb4_unicode_ci NULL DEFAULT NULL,
  `TELEPHONE` varchar(800) CHARACTER SET utf8mb4 COLLATE utf8mb4_unicode_ci NULL DEFAULT NULL,
  `RECORDCONTENT` blob NULL,
  `SENDTIME` timestamp(6) NULL DEFAULT NULL,
  PRIMARY KEY (`SMSRECORDID`) USING BTREE,
  INDEX `PK_TOUSERID`(`USERID`) USING BTREE,
  CONSTRAINT `PK_TOUSERID` FOREIGN KEY (`USERID`) REFERENCES `tb_system_user` (`ID`) ON DELETE RESTRICT ON UPDATE RESTRICT
) ENGINE = InnoDB CHARACTER SET = utf8mb4 COLLATE = utf8mb4_unicode_ci ROW_FORMAT = Dynamic;

-- ----------------------------
-- Records of tb_crm_sms_record
-- ----------------------------

-- ----------------------------
-- Table structure for tb_crm_sms_template
-- ----------------------------
DROP TABLE IF EXISTS `tb_crm_sms_template`;
CREATE TABLE `tb_crm_sms_template`  (
  `TEMPLATEID` varchar(32) CHARACTER SET utf8mb4 COLLATE utf8mb4_unicode_ci NOT NULL,
  `TEMPLATECODE` varchar(10) CHARACTER SET utf8mb4 COLLATE utf8mb4_unicode_ci NULL DEFAULT NULL,
  `SUBJECT` varchar(200) CHARACTER SET utf8mb4 COLLATE utf8mb4_unicode_ci NULL DEFAULT NULL,
  `TEMPLATECONTENT` varchar(500) CHARACTER SET utf8mb4 COLLATE utf8mb4_unicode_ci NULL DEFAULT NULL,
  `ORDERID` varchar(32) CHARACTER SET utf8mb4 COLLATE utf8mb4_unicode_ci NULL DEFAULT NULL,
  PRIMARY KEY (`TEMPLATEID`) USING BTREE
) ENGINE = InnoDB CHARACTER SET = utf8mb4 COLLATE = utf8mb4_unicode_ci ROW_FORMAT = Dynamic;

-- ----------------------------
-- Records of tb_crm_sms_template
-- ----------------------------

-- ----------------------------
-- Table structure for tb_crm_task
-- ----------------------------
DROP TABLE IF EXISTS `tb_crm_task`;
CREATE TABLE `tb_crm_task`  (
  `TASKID` varchar(32) CHARACTER SET utf8mb4 COLLATE utf8mb4_unicode_ci NOT NULL,
  `OWNERUSERID` varchar(200) CHARACTER SET utf8mb4 COLLATE utf8mb4_unicode_ci NULL DEFAULT NULL,
  `ABOUT_USER` varchar(200) CHARACTER SET utf8mb4 COLLATE utf8mb4_unicode_ci NULL DEFAULT NULL,
  `SUBJECT` varchar(100) CHARACTER SET utf8mb4 COLLATE utf8mb4_unicode_ci NULL DEFAULT NULL,
  `DUEDATE` timestamp(6) NULL DEFAULT NULL,
  `STATUS` varchar(20) CHARACTER SET utf8mb4 COLLATE utf8mb4_unicode_ci NULL DEFAULT NULL,
  `PRIORITY` varchar(10) CHARACTER SET utf8mb4 COLLATE utf8mb4_unicode_ci NULL DEFAULT NULL,
  `SENDEMAIL` varchar(50) CHARACTER SET utf8mb4 COLLATE utf8mb4_unicode_ci NULL DEFAULT NULL,
  `DESCRIPTION` blob NULL,
  `CREATORUSERID` varchar(32) CHARACTER SET utf8mb4 COLLATE utf8mb4_unicode_ci NULL DEFAULT NULL,
  `CREATEDATE` timestamp(6) NULL DEFAULT NULL,
  `UPDTADATE` timestamp(6) NULL DEFAULT NULL,
  `ISCLOSE` int(0) NULL DEFAULT NULL,
  `ISDELETED` int(0) NULL DEFAULT NULL,
  `DELETEUSERID` varchar(32) CHARACTER SET utf8mb4 COLLATE utf8mb4_unicode_ci NULL DEFAULT NULL,
  `DELETETIME` timestamp(6) NULL DEFAULT NULL,
  PRIMARY KEY (`TASKID`) USING BTREE,
  INDEX `PK_BUSINESS2`(`OWNERUSERID`) USING BTREE,
  INDEX `PK_BUSINESS3`(`CREATORUSERID`) USING BTREE,
  INDEX `PK_BUSINESS4`(`DELETEUSERID`) USING BTREE,
  CONSTRAINT `PK_BUSINESS2` FOREIGN KEY (`OWNERUSERID`) REFERENCES `tb_system_user` (`ID`) ON DELETE RESTRICT ON UPDATE RESTRICT,
  CONSTRAINT `PK_BUSINESS3` FOREIGN KEY (`CREATORUSERID`) REFERENCES `tb_system_user` (`ID`) ON DELETE RESTRICT ON UPDATE RESTRICT,
  CONSTRAINT `PK_BUSINESS4` FOREIGN KEY (`DELETEUSERID`) REFERENCES `tb_system_user` (`ID`) ON DELETE RESTRICT ON UPDATE RESTRICT
) ENGINE = InnoDB CHARACTER SET = utf8mb4 COLLATE = utf8mb4_unicode_ci ROW_FORMAT = Dynamic;

-- ----------------------------
-- Records of tb_crm_task
-- ----------------------------
INSERT INTO `tb_crm_task` VALUES ('297ef7f75d4019ee015d403563ed0005', '4028b8815cee7a04015cee7a07682345', '王', '1', '2014-07-17 04:26:02.000000', '1', '一级', 'sdj@163.com', NULL, '40288a885cedc960015cedc965cc0000', '2014-07-17 04:27:07.000000', '2014-07-17 04:26:01.000000', 0, 0, NULL, NULL);
INSERT INTO `tb_crm_task` VALUES ('297ef7f75d408db5015d4091bcad0000', '4028b8815cee7a04015cee7a07682345', 'vsa', 'rea', '2014-07-17 06:06:14.000000', '1', 'safafsa', 'saf@163.com', NULL, '40288a885cedc960015cedc965cc0000', '2014-07-17 06:07:59.000000', '2014-07-17 06:06:11.000000', 0, 0, '4028b8815cee7a04015cee7a07682345', NULL);
INSERT INTO `tb_crm_task` VALUES ('297ef7f75d40cf9c015d40d027390000', '4028b8815cee7a04015cee7a07682345', NULL, 'dsds', '2014-07-17 07:16:09.000000', NULL, NULL, NULL, NULL, '4028b8815cee7a04015cee7a07682345', '2014-07-17 07:16:09.000000', '2014-07-17 07:16:09.000000', NULL, NULL, '40288a7c5d3ef0c9015d3ef38c7b0004', NULL);
INSERT INTO `tb_crm_task` VALUES ('297ef7f75d40da3d015d40dac8fc0000', '4028b8815cee7a04015cee7a07682345', 'dsds', 'sdds', '2014-07-17 07:27:46.000000', '1', 'dsds', '3232@qq.com', NULL, '4028b8815cee7a04015cee7a07682345', '2014-07-17 07:27:46.000000', '2014-07-17 07:27:46.000000', 0, 0, NULL, '2014-07-17 07:27:46.000000');
INSERT INTO `tb_crm_task` VALUES ('297ef7f75d40e045015d40e12dac0000', '40288a885cedc960015cedc965cc0000', 'admin', 'sdds', '2014-07-17 07:34:45.000000', '1', 'sds', '2332@qq.com', NULL, '4028b8815cee7a04015cee7a07682345', '2014-07-17 07:34:45.000000', '2014-07-17 07:34:45.000000', 0, 0, '4028b8815cee7a04015cee7a07682345', '2014-07-17 07:34:45.000000');
INSERT INTO `tb_crm_task` VALUES ('297ef7f75d40e4df015d40e6760e0000', '40288a885cedc960015cedc965cc0000', 'admin', '天啊', '2014-07-17 07:40:31.000000', '0', '最优', '123223@qq.com', NULL, '4028b8815cee7a04015cee7a07682345', '2014-07-17 07:40:31.000000', '2014-07-17 07:40:31.000000', 0, 0, NULL, '2014-07-17 07:40:31.000000');
INSERT INTO `tb_crm_task` VALUES ('297ef7f75d411120015d411500e40000', '40288a885cedc960015cedc965cc0000', 'admin', 'sdds', '2014-07-17 08:31:21.000000', '1', 'sss', '1232@qq.com', NULL, NULL, '2014-07-17 08:31:21.000000', '2014-07-17 08:31:21.000000', 0, 0, NULL, '2014-07-17 08:31:21.000000');
INSERT INTO `tb_crm_task` VALUES ('297ef7f75d411120015d411a1e660001', '40288a885cedc960015cedc965cc0000', 'admin', 'admin', '2014-07-17 08:36:57.000000', '1', 'admin', '22343@qq.com', NULL, NULL, '2014-07-17 08:36:57.000000', '2014-07-17 08:36:57.000000', 0, 0, NULL, '2014-07-17 08:36:57.000000');
INSERT INTO `tb_crm_task` VALUES ('297ef7f75d411ccc015d411dc2b60000', '40288a885cedc960015cedc965cc0000', 'admin', 'admin', '2014-07-17 08:40:55.000000', '1', 'admin', '233232@qq.com', NULL, NULL, '2014-07-17 08:40:55.000000', '2014-07-17 08:40:55.000000', 0, 0, NULL, '2014-07-17 08:40:55.000000');
INSERT INTO `tb_crm_task` VALUES ('297ef7f75d411ccc015d411f1b420001', '40288a885cedc960015cedc965cc0000', 'admin', 'dsdsd', '2014-07-17 08:42:23.000000', '1', 'dsds', '232@qq.com', NULL, NULL, '2014-07-17 08:42:23.000000', '2014-07-17 08:42:23.000000', 0, 0, NULL, '2014-07-17 08:42:23.000000');
INSERT INTO `tb_crm_task` VALUES ('297ef7f75d41211e015d412222510000', '40288a885cedc960015cedc965cc0000', 'admin', 'dsds', '2014-07-17 08:45:42.000000', '0', 'dsds', '43434@qq.com', NULL, NULL, '2014-07-17 08:45:42.000000', '2014-07-17 08:45:42.000000', 0, 0, NULL, '2014-07-17 08:45:42.000000');
INSERT INTO `tb_crm_task` VALUES ('297ef7f75d43c076015d43cb24f40004', '40288a885cedc960015cedc965cc0000', 'admin', 'admin', '2015-07-17 09:09:33.000000', '1', '最优', '234@qq.com', NULL, NULL, '2015-07-17 09:09:33.000000', '2015-07-17 09:09:33.000000', 0, 0, NULL, '2015-07-17 09:09:33.000000');
INSERT INTO `tb_crm_task` VALUES ('297ef7f75d43cd80015d43cebc110000', '4028b8815cee7a04015cee7a07682345', 'wangfang', 'wangfang', '2015-07-17 09:13:27.000000', '1', '最低', '2343289@qq.com', NULL, NULL, '2015-07-17 09:13:27.000000', '2015-07-17 09:13:27.000000', 0, 0, NULL, '2015-07-17 09:13:27.000000');
INSERT INTO `tb_crm_task` VALUES ('297ef7f75d43cd80015d43d0aeb70001', '4028b8815cee7a04015cee7a07682345', 'wangfang', '随意', '2015-07-17 09:15:35.000000', '0', '最终', '213232@qq.com', NULL, NULL, '2015-07-17 09:15:35.000000', '2015-07-17 09:15:35.000000', 0, 0, NULL, '2015-07-17 09:15:35.000000');
INSERT INTO `tb_crm_task` VALUES ('297ef7f75d43ddfc015d43df70fa0000', '40288a885cedc960015cedc965cc0000', '相关', '主题', '2015-07-17 09:31:43.000000', '0', '最高', '32434@qq.com', NULL, NULL, '2015-07-17 09:31:43.000000', '2015-07-17 09:31:43.000000', 0, 0, NULL, '2015-07-17 09:31:43.000000');
INSERT INTO `tb_crm_task` VALUES ('40288a905d1b1854015d1b188c4c0000', '297ef6f85d16d4ea015d16d9b05d0001', '老王', '开发', '2007-07-17 11:17:30.000000', '1', '一级', 'task@163.com', NULL, '297ef6f85d16d4ea015d16d9b05d0001', '2007-07-17 11:29:39.000000', '2007-07-17 11:17:10.000000', 0, 0, '4028b8815cee7a04015cee7a07682345', NULL);
INSERT INTO `tb_crm_task` VALUES ('40288a905d1b1ae1015d1b28d23f0000', '297ef6f85d16d4ea015d16d9b05d0001', 'laowang', '研究', '2007-07-17 11:17:30.000000', '1', '一级', '11@163.com', NULL, '40288a885cedc960015cedc965cc0000', '2007-07-17 11:47:25.000000', '2007-07-17 11:17:00.000000', 0, 0, '4028b8815cee7a04015cee7a07682345', NULL);
INSERT INTO `tb_crm_task` VALUES ('40288a905d1b1ae1015d1b28ffe00001', '297ef6f85d16d4ea015d16d9b05d0001', 'laowang', '研究', '2007-07-17 11:17:30.000000', '1', '一级', '11@163.com', NULL, '40288a885cedc960015cedc965cc0000', '2007-07-17 11:47:38.000000', '2007-07-17 11:17:00.000000', 0, 0, NULL, NULL);
INSERT INTO `tb_crm_task` VALUES ('40288a905d1b1ae1015d1b2b955e0002', '297ef6f85d16d4ea015d16d9b05d0001', 'nihao', 'hello', '2007-07-17 11:17:30.000000', '1', '一级', 'task@163.com', NULL, '40288a885cedc960015cedc965cc0000', '2007-07-17 11:50:27.000000', '2007-07-17 11:17:20.000000', 0, 0, NULL, NULL);
INSERT INTO `tb_crm_task` VALUES ('40288a905d1cb1bf015d1cc74fa90000', '297ef6f85d16d4ea015d16d9b05d0001', 'laozhang', '演员', '2007-07-17 07:18:34.000000', '1', '顶级', 'djd@163.com', NULL, '40288a885cedc960015cedc965cc0000', '2007-07-17 07:20:10.000000', '2007-07-17 07:18:33.000000', 0, 0, '4028b8815cee7a04015cee7a07682345', NULL);
INSERT INTO `tb_crm_task` VALUES ('40288a905d1cb1bf015d1cceb5f20003', '297ef6f85d16d4ea015d16d9b05d0001', 'sc', 'ssaa', '2007-07-17 07:23:22.000000', '1', 'sc', 'scsu@163.com', NULL, '40288a885cedc960015cedc965cc0000', '2007-07-17 07:28:15.000000', '2007-07-17 07:23:21.000000', 0, 0, NULL, NULL);
INSERT INTO `tb_crm_task` VALUES ('40288a905d4039e0015d403b1e4c0000', '4028b8815cee7a04015cee7a07682345', 'sd', 'kaifa', '2014-07-17 04:32:43.000000', '1', 'yiji', 'ss@163.com', NULL, '40288a885cedc960015cedc965cc0000', '2014-07-17 04:33:22.000000', '2014-07-17 04:32:40.000000', 0, 0, NULL, NULL);
INSERT INTO `tb_crm_task` VALUES ('40288a905d40861a015d40872f330000', '4028b8815cee7a04015cee7a07682345', 'sccc', 'svcc', '2014-07-17 05:29:56.000000', '1', '一级', 'scsa@163.com', NULL, '40288a885cedc960015cedc965cc0000', '2014-07-17 05:56:27.000000', '2014-07-17 05:29:51.000000', 0, 0, NULL, NULL);

-- ----------------------------
-- Table structure for tb_mid_customer_user
-- ----------------------------
DROP TABLE IF EXISTS `tb_mid_customer_user`;
CREATE TABLE `tb_mid_customer_user`  (
  `CUSTOMERID` varchar(32) CHARACTER SET utf8mb4 COLLATE utf8mb4_unicode_ci NOT NULL,
  `USERID` varchar(32) CHARACTER SET utf8mb4 COLLATE utf8mb4_unicode_ci NOT NULL,
  PRIMARY KEY (`CUSTOMERID`, `USERID`) USING BTREE,
  INDEX `PK_TOUSERR`(`USERID`) USING BTREE,
  CONSTRAINT `PK_CUSTOUSER` FOREIGN KEY (`CUSTOMERID`) REFERENCES `tb_crm_customer` (`CUSTOMERID`) ON DELETE RESTRICT ON UPDATE RESTRICT,
  CONSTRAINT `PK_TOUSERR` FOREIGN KEY (`USERID`) REFERENCES `tb_system_user` (`ID`) ON DELETE RESTRICT ON UPDATE RESTRICT
) ENGINE = InnoDB CHARACTER SET = utf8mb4 COLLATE = utf8mb4_unicode_ci ROW_FORMAT = Dynamic;

-- ----------------------------
-- Records of tb_mid_customer_user
-- ----------------------------
INSERT INTO `tb_mid_customer_user` VALUES ('4028b8815cee7a04015cee7a0768jfds', '40288a7c5d3f85dc015d3f8956ec0001');
INSERT INTO `tb_mid_customer_user` VALUES ('4028b8815cee7a04015cee7a0768vbxc', '40288a7c5d3f85dc015d3f8956ec0001');
INSERT INTO `tb_mid_customer_user` VALUES ('4028b8815cee7a04015cee7a0768dsaw', '40288a885cedc960015cedc965cc0000');
INSERT INTO `tb_mid_customer_user` VALUES ('4028b8815cee7a04015cee7a0768jfds', '40288a885cedc960015cedc965cc0000');
INSERT INTO `tb_mid_customer_user` VALUES ('4028b8815cee7a04015cee7a0768vbxc', '40288a885cedc960015cedc965cc0000');
INSERT INTO `tb_mid_customer_user` VALUES ('4028b8815d2f98bb015d2f9b38840002', '40288a885cedc960015cedc965cc0000');
INSERT INTO `tb_mid_customer_user` VALUES ('4028b8815d2f98bb015d2f9db6740004', '40288a885cedc960015cedc965cc0000');
INSERT INTO `tb_mid_customer_user` VALUES ('4028b8815d3ae997015d3af333d30000', '40288a885cedc960015cedc965cc0000');

-- ----------------------------
-- Table structure for tb_system_dict
-- ----------------------------
DROP TABLE IF EXISTS `tb_system_dict`;
CREATE TABLE `tb_system_dict`  (
  `ID` varchar(255) CHARACTER SET utf8mb4 COLLATE utf8mb4_unicode_ci NOT NULL,
  `DICTCODE` varchar(50) CHARACTER SET utf8mb4 COLLATE utf8mb4_unicode_ci NULL DEFAULT NULL,
  `DICTNAME` varchar(50) CHARACTER SET utf8mb4 COLLATE utf8mb4_unicode_ci NULL DEFAULT NULL,
  `DICTNOTE` varchar(200) CHARACTER SET utf8mb4 COLLATE utf8mb4_unicode_ci NULL DEFAULT NULL,
  `DICTVALUE` varchar(50) CHARACTER SET utf8mb4 COLLATE utf8mb4_unicode_ci NULL DEFAULT NULL,
  `TYPEID` varchar(255) CHARACTER SET utf8mb4 COLLATE utf8mb4_unicode_ci NULL DEFAULT NULL,
  PRIMARY KEY (`ID`) USING BTREE,
  INDEX `FK_4K2V1TEVXLD2BWAN1N2126A25`(`TYPEID`) USING BTREE,
  CONSTRAINT `FK_4K2V1TEVXLD2BWAN1N2126A25` FOREIGN KEY (`TYPEID`) REFERENCES `tb_system_dict_type` (`ID`) ON DELETE RESTRICT ON UPDATE RESTRICT
) ENGINE = InnoDB CHARACTER SET = utf8mb4 COLLATE = utf8mb4_unicode_ci ROW_FORMAT = Dynamic;

-- ----------------------------
-- Records of tb_system_dict
-- ----------------------------
INSERT INTO `tb_system_dict` VALUES ('097D18EA93EF4810955645C9B4168BA7', 'wantCustomer', '意向客户', NULL, '0', 'E7A43CE5CB9C4C22B5518228DAAB8ADB');
INSERT INTO `tb_system_dict` VALUES ('2597827D615C428BA2BD8DB94043581C', 'old', '从已有客户产生的业务', NULL, '1', 'E69500CC34154087A619CD89CE50B429');
INSERT INTO `tb_system_dict` VALUES ('3BE27C07E3654CD0B9944B81A8B0ABF9', 'woman', '女', NULL, '1', '95E0D91D93014936B0EB6C2414EE5C4B');
INSERT INTO `tb_system_dict` VALUES ('40288a7c5d39dbf7015d39e2e9640000', 'internetMarketing', '网络营销', '备注网络营销', '1', '40288a7c5d39cf22015d39d35ea60000');
INSERT INTO `tb_system_dict` VALUES ('40288a7c5d3a0029015d3a0860fb0003', 'comnunity', '社区营销', '通过社区营销得来的商机', '2', '40288a7c5d39cf22015d39d35ea60000');
INSERT INTO `tb_system_dict` VALUES ('40288a7c5d3a0029015d3a331042000c', 'deep', '深度沟通', '备注深度沟通', '2', 'E7A43CE5CB9C4C22B5518228DAAB8ADB');
INSERT INTO `tb_system_dict` VALUES ('40288a7c5d3a0029015d3a339de7000d', 'signStatus', '签订合同', '状态签订合同', '3', 'E7A43CE5CB9C4C22B5518228DAAB8ADB');
INSERT INTO `tb_system_dict` VALUES ('40288a7c5d3a0029015d3a341a53000e', 'designStatus', '设计制作', '备注设计制作', '4', 'E7A43CE5CB9C4C22B5518228DAAB8ADB');
INSERT INTO `tb_system_dict` VALUES ('40288a7c5d3a0029015d3a347895000f', 'completeStatus', '制作完成', '备注制作完成', '5', 'E7A43CE5CB9C4C22B5518228DAAB8ADB');
INSERT INTO `tb_system_dict` VALUES ('40288a7c5d3a0029015d3a35024f0010', 'successStatus', '项目成功', '备注项目成功', '6', 'E7A43CE5CB9C4C22B5518228DAAB8ADB');
INSERT INTO `tb_system_dict` VALUES ('40288a7c5d3a0029015d3a3590ab0011', 'failureStatus', '项目失败', '备注项目失败', '7', 'E7A43CE5CB9C4C22B5518228DAAB8ADB');
INSERT INTO `tb_system_dict` VALUES ('40288a7d5d44202e015d442b96520000', 'weixinyewu', '微信业务产生的新业务', '微信', '2', 'E69500CC34154087A619CD89CE50B429');
INSERT INTO `tb_system_dict` VALUES ('40288a7d5d44202e015d442c39400001', 'weixin', '微信的营销', '微信', '2', '40288a7c5d39cf22015d39d35ea60000');
INSERT INTO `tb_system_dict` VALUES ('456D3CDD8E14432DBDBEDC18AD3E7C3F', 'start', '初步沟通', NULL, '1', 'E7A43CE5CB9C4C22B5518228DAAB8ADB');
INSERT INTO `tb_system_dict` VALUES ('A30F5C58F5C9438DA16A5AB62C26E157', 'new', '新业务', NULL, '0', 'E69500CC34154087A619CD89CE50B429');
INSERT INTO `tb_system_dict` VALUES ('A4A33CABE2954916A76EF3EF463E24F8', 'man', '男', '男或女', '0', '95E0D91D93014936B0EB6C2414EE5C4B');

-- ----------------------------
-- Table structure for tb_system_dict_type
-- ----------------------------
DROP TABLE IF EXISTS `tb_system_dict_type`;
CREATE TABLE `tb_system_dict_type`  (
  `ID` varchar(255) CHARACTER SET utf8mb4 COLLATE utf8mb4_unicode_ci NOT NULL,
  `CREATETIME` timestamp(6) NULL DEFAULT NULL,
  `SORTNUM` int(0) NULL DEFAULT NULL,
  `STATUS` int(0) NULL DEFAULT NULL,
  `TYPECODE` varchar(50) CHARACTER SET utf8mb4 COLLATE utf8mb4_unicode_ci NULL DEFAULT NULL,
  `TYPENAME` varchar(50) CHARACTER SET utf8mb4 COLLATE utf8mb4_unicode_ci NULL DEFAULT NULL,
  `TYPENOTE` varchar(200) CHARACTER SET utf8mb4 COLLATE utf8mb4_unicode_ci NULL DEFAULT NULL,
  `UPDATETIME` timestamp(6) NULL DEFAULT NULL,
  `VERSION` int(0) NULL DEFAULT NULL,
  `CREATEBY` varchar(255) CHARACTER SET utf8mb4 COLLATE utf8mb4_unicode_ci NULL DEFAULT NULL,
  `UPDATEBY` varchar(255) CHARACTER SET utf8mb4 COLLATE utf8mb4_unicode_ci NULL DEFAULT NULL,
  PRIMARY KEY (`ID`) USING BTREE,
  INDEX `FK_MY984I4M4EP7U8JB5Q171RBQU`(`UPDATEBY`) USING BTREE,
  INDEX `FK_Q6LO8T0CBRW3LKTBKBA7KXV44`(`CREATEBY`) USING BTREE,
  CONSTRAINT `FK_MY984I4M4EP7U8JB5Q171RBQU` FOREIGN KEY (`UPDATEBY`) REFERENCES `tb_system_user` (`ID`) ON DELETE RESTRICT ON UPDATE RESTRICT,
  CONSTRAINT `FK_Q6LO8T0CBRW3LKTBKBA7KXV44` FOREIGN KEY (`CREATEBY`) REFERENCES `tb_system_user` (`ID`) ON DELETE RESTRICT ON UPDATE RESTRICT
) ENGINE = InnoDB CHARACTER SET = utf8mb4 COLLATE = utf8mb4_unicode_ci ROW_FORMAT = Dynamic;

-- ----------------------------
-- Records of tb_system_dict_type
-- ----------------------------
INSERT INTO `tb_system_dict_type` VALUES ('40288a7c5d39cf22015d39d35ea60000', '2013-07-17 10:42:19.000000', 1, 1, 'businessOrigin', '商机来源', '商机的来源，如新业务等', NULL, NULL, '40288a885cedc960015cedc965cc0000', NULL);
INSERT INTO `tb_system_dict_type` VALUES ('40288a7d5d44202e015d442cf0ed0002', NULL, 1, 1, 'fuwu', '商务客户服务', '2', '2015-07-17 10:56:34.000000', NULL, '40288a885cedc960015cedc965cc0000', '40288a885cedc960015cedc965cc0000');
INSERT INTO `tb_system_dict_type` VALUES ('95E0D91D93014936B0EB6C2414EE5C4B', NULL, 0, 1, 'sex', '性别', '人的性别', '2013-07-17 10:08:43.000000', NULL, '40288a885cedc960015cedc965cc0000', '40288a885cedc960015cedc965cc0000');
INSERT INTO `tb_system_dict_type` VALUES ('ACEAF0031E2C4F92B16EAB5F5D923DE7', '2012-07-17 04:18:21.000000', 0, 1, 'allType', '所有类型', '所有字典类型归于此类', NULL, NULL, '40288a885cedc960015cedc965cc0000', NULL);
INSERT INTO `tb_system_dict_type` VALUES ('E69500CC34154087A619CD89CE50B429', NULL, 1, 1, 'businessType', '商机类型', '商机的各种类型', '2013-07-17 10:42:30.000000', NULL, '40288a885cedc960015cedc965cc0000', '40288a885cedc960015cedc965cc0000');
INSERT INTO `tb_system_dict_type` VALUES ('E7A43CE5CB9C4C22B5518228DAAB8ADB', NULL, 1, 1, 'businessStatus', '商机状态', '商机推进的状态', '2013-07-17 10:09:06.000000', NULL, '40288a885cedc960015cedc965cc0000', '40288a885cedc960015cedc965cc0000');

-- ----------------------------
-- Table structure for tb_system_function
-- ----------------------------
DROP TABLE IF EXISTS `tb_system_function`;
CREATE TABLE `tb_system_function`  (
  `ID` varchar(255) CHARACTER SET utf8mb4 COLLATE utf8mb4_unicode_ci NOT NULL,
  `CREATETIME` timestamp(6) NULL DEFAULT NULL,
  `FUNCCODE` varchar(50) CHARACTER SET utf8mb4 COLLATE utf8mb4_unicode_ci NULL DEFAULT NULL,
  `FUNCNAME` varchar(20) CHARACTER SET utf8mb4 COLLATE utf8mb4_unicode_ci NULL DEFAULT NULL,
  `FUNCNOTE` varchar(255) CHARACTER SET utf8mb4 COLLATE utf8mb4_unicode_ci NULL DEFAULT NULL,
  `FUNCTYPE` int(0) NULL DEFAULT NULL,
  `FUNCURL` varchar(255) CHARACTER SET utf8mb4 COLLATE utf8mb4_unicode_ci NULL DEFAULT NULL,
  `ICONCLASS` varchar(255) CHARACTER SET utf8mb4 COLLATE utf8mb4_unicode_ci NULL DEFAULT NULL,
  `ICONURL` varchar(255) CHARACTER SET utf8mb4 COLLATE utf8mb4_unicode_ci NULL DEFAULT NULL,
  `SORTNUM` int(0) NULL DEFAULT NULL,
  `STATUS` int(0) NULL DEFAULT NULL,
  `UPDATETIME` timestamp(6) NULL DEFAULT NULL,
  `CREATEBY` varchar(255) CHARACTER SET utf8mb4 COLLATE utf8mb4_unicode_ci NULL DEFAULT NULL,
  `PARENTID` varchar(255) CHARACTER SET utf8mb4 COLLATE utf8mb4_unicode_ci NULL DEFAULT NULL,
  `UPDATEBY` varchar(255) CHARACTER SET utf8mb4 COLLATE utf8mb4_unicode_ci NULL DEFAULT NULL,
  PRIMARY KEY (`ID`) USING BTREE,
  INDEX `FK_8ENVD9NK0NVAMTDPEIYW19S69`(`PARENTID`) USING BTREE,
  INDEX `FK_EXIFNM1HUC4215XYV41VXK7JU`(`UPDATEBY`) USING BTREE,
  INDEX `FK_G3HHQQOF2T5CNYW60PE95QGD9`(`CREATEBY`) USING BTREE,
  CONSTRAINT `FK_8ENVD9NK0NVAMTDPEIYW19S69` FOREIGN KEY (`PARENTID`) REFERENCES `tb_system_function` (`ID`) ON DELETE RESTRICT ON UPDATE RESTRICT,
  CONSTRAINT `FK_EXIFNM1HUC4215XYV41VXK7JU` FOREIGN KEY (`UPDATEBY`) REFERENCES `tb_system_user` (`ID`) ON DELETE RESTRICT ON UPDATE RESTRICT,
  CONSTRAINT `FK_G3HHQQOF2T5CNYW60PE95QGD9` FOREIGN KEY (`CREATEBY`) REFERENCES `tb_system_user` (`ID`) ON DELETE RESTRICT ON UPDATE RESTRICT
) ENGINE = InnoDB CHARACTER SET = utf8mb4 COLLATE = utf8mb4_unicode_ci ROW_FORMAT = Dynamic;

-- ----------------------------
-- Records of tb_system_function
-- ----------------------------
INSERT INTO `tb_system_function` VALUES ('06a17e8bd3dd11eea03d88a4c297e0b0', '2024-02-25 20:54:34.752000', 'funcedit', '修改权限', '', 0, '', NULL, NULL, 0, 1, NULL, '40288a885cedc960015cedc965cc0000', '40288a885cee227d015cee2283fe0000', NULL);
INSERT INTO `tb_system_function` VALUES ('1d5095bcd3dd11eea03d88a4c297e0b0', '2024-02-25 20:55:12.810000', 'funcdel', '删除权限', '', 0, '', NULL, NULL, 0, 1, NULL, '40288a885cedc960015cedc965cc0000', '40288a885cee227d015cee2283fe0000', NULL);
INSERT INTO `tb_system_function` VALUES ('297ef6f85d1692e2015d169436060000', '2006-07-17 02:26:38.000000', 'business', '商机管理', '管理商机，可新增、修改商机', 1, 'manage/business/BusinessAction_index.action', NULL, NULL, 2, 1, '2007-07-17 11:34:02.000000', '40288a885cedc960015cedc965cc0000', '297ef6f85d1704c8015d1706717c0000', '40288a885cedc960015cedc965cc0000');
INSERT INTO `tb_system_function` VALUES ('297ef6f85d1704c8015d1706717c0000', '2006-07-17 04:31:24.000000', 'manage', '组织管理', 'manage', 1, NULL, NULL, NULL, 0, 1, NULL, '40288a885cedc960015cedc965cc0000', NULL, NULL);
INSERT INTO `tb_system_function` VALUES ('297ef7f75d1c4b27015d1c512f0c0000', '2007-07-17 05:11:08.000000', 'position', '岗位管理', '添加岗位、修改岗位', 1, 'manage/position/PositionAction_list.action', NULL, NULL, 3, 1, '2007-07-17 05:15:24.000000', '40288a885cedc960015cedc965cc0000', '297ef6f85d1704c8015d1706717c0000', '40288a885cedc960015cedc965cc0000');
INSERT INTO `tb_system_function` VALUES ('297ef7f75d2f9e95015d2fa94ede0000', '2011-07-17 11:20:11.000000', 'contract', '合同管理', '管理合同', 1, 'manage/position/ContractAction_list.action', NULL, NULL, 12345, 1, '2011-07-17 11:44:45.000000', '40288a885cedc960015cedc965cc0000', '297ef6f85d1704c8015d1706717c0000', '40288a885cedc960015cedc965cc0000');
INSERT INTO `tb_system_function` VALUES ('34223b76d40311eea03d88a4c297e0b0', '2024-02-26 01:27:51.969000', 'deptadd', '新增部门', '', 0, '', NULL, NULL, 0, 1, NULL, '40288a885cedc960015cedc965cc0000', 'bdd073d8874b4c478bd2d9e847c1a55b', NULL);
INSERT INTO `tb_system_function` VALUES ('4022854fa8fsafhdaaiuhfada2120001dsf', '2010-07-17 07:43:41.000000', 'employee', '员工管理', '1', 1, 'manage/employee/EmployeeAction_list.action', NULL, NULL, 1, 1, '2010-07-17 07:49:45.000000', NULL, '297ef6f85d1704c8015d1706717c0000', '40288a885cedc960015cedc965cc0000');
INSERT INTO `tb_system_function` VALUES ('40288a075d2c5565015d2c5aebb30000', '2010-07-17 07:55:42.000000', 'marketing', '营销管理', '营销管理，负责公司销售模式以及销售方案与销售培训', 1, 'manage/marketing/MarketingAction_email.action', NULL, NULL, 7, 1, '2011-07-17 06:59:35.000000', '40288a885cedc960015cedc965cc0000', '297ef6f85d1704c8015d1706717c0000', '40288a885cedc960015cedc965cc0000');
INSERT INTO `tb_system_function` VALUES ('40288a075d2c5565015d2c675adf0001', '2010-07-17 08:09:17.000000', 'announcement', '公告管理', '公告管理', 1, 'manage/announcement/AnnouncementAction_list.action', NULL, NULL, 9, 1, '2013-07-17 11:37:09.000000', '40288a885cedc960015cedc965cc0000', '297ef6f85d1704c8015d1706717c0000', '40288a885cedc960015cedc965cc0000');
INSERT INTO `tb_system_function` VALUES ('40288a885cedc960015cedc965cc0000', '2005-07-17 11:57:42.000000', 'product', '产品管理', NULL, 1, 'manage/product/ProductAction_list.action', NULL, NULL, 2, 1, '2007-07-17 09:14:04.000000', NULL, '297ef6f85d1704c8015d1706717c0000', '40288a885cedc960015cedc965cc0000');
INSERT INTO `tb_system_function` VALUES ('40288a885cedc960015cedc965cc0010', '2005-07-17 02:04:44.000000', 'customer', '客户管理', NULL, 1, 'manage/customer/CustomerAction_customer.action', NULL, NULL, 1, 1, '2007-07-17 11:48:53.000000', NULL, '297ef6f85d1704c8015d1706717c0000', '40288a885cedc960015cedc965cc0000');
INSERT INTO `tb_system_function` VALUES ('40288a885cedc960015cedc965cco221', '2005-07-17 03:03:54.000000', 'task', '任务管理', NULL, 1, 'manage/task/TaskAction_list.action', NULL, NULL, 1, 1, '2007-07-17 08:59:24.000000', NULL, '297ef6f85d1704c8015d1706717c0000', '40288a885cedc960015cedc965cc0000');
INSERT INTO `tb_system_function` VALUES ('40288a885cee20f8015cee20fdd60000', '2028-06-17 05:55:58.000000', 'system', '系统管理', NULL, 1, NULL, NULL, NULL, 0, 1, NULL, NULL, NULL, NULL);
INSERT INTO `tb_system_function` VALUES ('40288a885cee21cd015cee21d3900000', '2028-06-17 05:56:53.000000', 'user', '用户管理', NULL, 1, 'system/user/UserAction_list.action', NULL, NULL, 1, 1, NULL, NULL, '40288a885cee20f8015cee20fdd60000', NULL);
INSERT INTO `tb_system_function` VALUES ('40288a885cee221e015cee2223580000', '2028-06-17 05:57:13.000000', 'role', '角色管理', NULL, 1, 'system/role/RoleAction_list.action', NULL, NULL, 2, 1, NULL, NULL, '40288a885cee20f8015cee20fdd60000', NULL);
INSERT INTO `tb_system_function` VALUES ('40288a885cee227d015cee2283fe0000', '2028-06-17 05:57:38.000000', 'function', '权限管理', NULL, 1, 'system/function/FunctionAction_list.action', NULL, NULL, 3, 1, NULL, NULL, '40288a885cee20f8015cee20fdd60000', NULL);
INSERT INTO `tb_system_function` VALUES ('40288a885cee22d8015cee22de850000', '2028-06-17 05:58:01.000000', 'dict', '字典管理', NULL, 1, 'system/dict/DictAction_index.action', NULL, NULL, 4, 1, '2011-07-17 08:06:25.000000', NULL, '40288a885cee20f8015cee20fdd60000', '40288a885cedc960015cedc965cc0000');
INSERT INTO `tb_system_function` VALUES ('40288a885d0b5f0b015d0b5fc0a20000', '2004-07-17 10:13:30.000000', 'leads', '线索管理', '管理线索', 1, 'manage/leads/LeadAction_list.action', NULL, NULL, 1, 1, '2014-07-17 01:23:59.000000', NULL, '297ef6f85d1704c8015d1706717c0000', '40288a7c5d3f85dc015d3f8bc1940003');
INSERT INTO `tb_system_function` VALUES ('40288a905d2c5312015d2c5758bc0000', '2010-07-17 07:51:48.000000', 'message', '站内信', '1', 1, 'system/message/MessageAction_list.action', NULL, NULL, 1, 1, '2011-07-17 00:06:48.000000', '40288a885cedc960015cedc965cc0000', '40288a885cee20f8015cee20fdd60000', '40288a885cedc960015cedc965cc0000');
INSERT INTO `tb_system_function` VALUES ('46082ff0d40311eea03d88a4c297e0b0', '2024-02-26 01:28:21.998000', 'deptdel', '删除部门', '', 0, '', NULL, NULL, 0, 1, NULL, '40288a885cedc960015cedc965cc0000', 'bdd073d8874b4c478bd2d9e847c1a55b', NULL);
INSERT INTO `tb_system_function` VALUES ('55dd05dcd40311eea03d88a4c297e0b0', '2024-02-26 01:28:48.559000', 'deptedit', '修改部门', '', 0, '', NULL, NULL, 0, 1, NULL, '40288a885cedc960015cedc965cc0000', 'bdd073d8874b4c478bd2d9e847c1a55b', NULL);
INSERT INTO `tb_system_function` VALUES ('6ae30e2ed53b11ee852888a4c297e0b0', '2024-02-27 14:42:46.810000', 'empadd', '新增员工', '', 0, '', NULL, NULL, 0, 1, NULL, '40288a885cedc960015cedc965cc0000', '4022854fa8fsafhdaaiuhfada2120001dsf', NULL);
INSERT INTO `tb_system_function` VALUES ('73750e65d3de11eea03d88a4c297e0b0', '2024-02-25 21:04:46.830000', 'dictadd', '新增字典', '', 0, '', NULL, NULL, 0, 1, NULL, '40288a885cedc960015cedc965cc0000', '40288a885cee22d8015cee22de850000', NULL);
INSERT INTO `tb_system_function` VALUES ('7d5d31e7d53b11ee852888a4c297e0b0', '2024-02-27 14:43:17.809000', 'empremove', '删除员工', '', 0, '', NULL, NULL, 0, 1, NULL, '40288a885cedc960015cedc965cc0000', '4022854fa8fsafhdaaiuhfada2120001dsf', NULL);
INSERT INTO `tb_system_function` VALUES ('80412490d3de11eea03d88a4c297e0b0', '2024-02-25 21:05:08.300000', 'dictdel', '删除字典', '', 0, '', NULL, NULL, 0, 1, NULL, '40288a885cedc960015cedc965cc0000', '40288a885cee22d8015cee22de850000', NULL);
INSERT INTO `tb_system_function` VALUES ('8fa6967dd53b11ee852888a4c297e0b0', '2024-02-27 14:43:48.490000', 'empedit', '修改员工', '', 0, '', NULL, NULL, 0, 1, NULL, '40288a885cedc960015cedc965cc0000', '4022854fa8fsafhdaaiuhfada2120001dsf', NULL);
INSERT INTO `tb_system_function` VALUES ('95e1ef0cd3d811eea03d88a4c297e0b0', '2024-02-25 20:22:47.606000', 'roleremove', '删除角色', '', 0, '', NULL, NULL, 0, 1, NULL, '40288a885cedc960015cedc965cc0000', '40288a885cee221e015cee2223580000', NULL);
INSERT INTO `tb_system_function` VALUES ('99fe25a6d3de11eea03d88a4c297e0b0', '2024-02-25 21:05:51.482000', 'dictedit', '修改字典', '', 0, '', NULL, NULL, 0, 1, NULL, '40288a885cedc960015cedc965cc0000', '40288a885cee22d8015cee22de850000', NULL);
INSERT INTO `tb_system_function` VALUES ('a6442711d3d811eea03d88a4c297e0b0', '2024-02-25 20:23:15.093000', 'roleedit', '修改角色', '', 0, '', NULL, NULL, 0, 1, '2024-02-25 20:42:09.027000', '40288a885cedc960015cedc965cc0000', '40288a885cee221e015cee2223580000', '40288a885cedc960015cedc965cc0000');
INSERT INTO `tb_system_function` VALUES ('b77bd515d3d811eea03d88a4c297e0b0', '2024-02-25 20:23:43.978000', 'roleassign', '分配权限', '', 0, '', NULL, NULL, 0, 1, '2024-02-25 20:42:18.602000', '40288a885cedc960015cedc965cc0000', '40288a885cee221e015cee2223580000', '40288a885cedc960015cedc965cc0000');
INSERT INTO `tb_system_function` VALUES ('bdd073d8874b4c478bd2d9e847c1a55b', '2005-07-17 07:03:08.000000', 'department', '部门管理', NULL, 1, 'manage/position/DepartmentAction_list.action', NULL, NULL, 1, 1, '2007-07-17 00:14:02.000000', NULL, '297ef6f85d1704c8015d1706717c0000', '40288a885cedc960015cedc965cc0000');
INSERT INTO `tb_system_function` VALUES ('c320ac55d3db11eea03d88a4c297e0b0', '2024-02-25 20:45:32.004000', 'userdel', '删除用户', '', 0, '', NULL, NULL, 0, 1, NULL, '40288a885cedc960015cedc965cc0000', '40288a885cee21cd015cee21d3900000', NULL);
INSERT INTO `tb_system_function` VALUES ('d2a0bbadd3dc11eea03d88a4c297e0b0', '2024-02-25 20:53:07.506000', 'userassign', '分配角色', '', 0, '', NULL, NULL, 0, 1, NULL, '40288a885cedc960015cedc965cc0000', '40288a885cee21cd015cee21d3900000', NULL);
INSERT INTO `tb_system_function` VALUES ('d5a60de7d0d411ee981388a4c297e0b0', '2024-02-22 00:18:23.112000', 'useradd', '新增用户', '', 0, '', NULL, NULL, 0, 1, '2024-02-25 20:45:39.332000', '40288a885cedc960015cedc965cc0000', '40288a885cee21cd015cee21d3900000', '40288a885cedc960015cedc965cc0000');
INSERT INTO `tb_system_function` VALUES ('e1e6762cd3d711eea03d88a4c297e0b0', '2024-02-25 20:17:45.645000', 'roleinsert', '新增角色', '', 0, '', NULL, NULL, 0, 1, NULL, '40288a885cedc960015cedc965cc0000', '40288a885cee221e015cee2223580000', NULL);
INSERT INTO `tb_system_function` VALUES ('f0ffbe56d3dc11eea03d88a4c297e0b0', '2024-02-25 20:53:58.460000', 'funcadd', '新增权限', '', 0, '', NULL, NULL, 0, 1, NULL, '40288a885cedc960015cedc965cc0000', '40288a885cee227d015cee2283fe0000', NULL);
INSERT INTO `tb_system_function` VALUES ('fd0b9463d0d411ee981388a4c297e0b0', '2024-02-22 00:19:29.208000', 'useredit', '修改用户', '', 0, '', NULL, NULL, 0, 1, '2024-02-25 20:45:44.715000', '40288a885cedc960015cedc965cc0000', '40288a885cee21cd015cee21d3900000', '40288a885cedc960015cedc965cc0000');

-- ----------------------------
-- Table structure for tb_system_role
-- ----------------------------
DROP TABLE IF EXISTS `tb_system_role`;
CREATE TABLE `tb_system_role`  (
  `ID` varchar(255) CHARACTER SET utf8mb4 COLLATE utf8mb4_unicode_ci NOT NULL,
  `CREATETIME` timestamp(6) NULL DEFAULT NULL,
  `ROLENAME` varchar(20) CHARACTER SET utf8mb4 COLLATE utf8mb4_unicode_ci NULL DEFAULT NULL,
  `ROLENOTE` varchar(255) CHARACTER SET utf8mb4 COLLATE utf8mb4_unicode_ci NULL DEFAULT NULL,
  `SORTNUM` int(0) NULL DEFAULT NULL,
  `STATUS` int(0) NULL DEFAULT NULL,
  `UPDATETIME` timestamp(6) NULL DEFAULT NULL,
  `CREATEBY` varchar(255) CHARACTER SET utf8mb4 COLLATE utf8mb4_unicode_ci NULL DEFAULT NULL,
  `UPDATEBY` varchar(255) CHARACTER SET utf8mb4 COLLATE utf8mb4_unicode_ci NULL DEFAULT NULL,
  PRIMARY KEY (`ID`) USING BTREE,
  INDEX `FK_HCQGG17IUNVGKE3GBQF0WHBU7`(`CREATEBY`) USING BTREE,
  INDEX `FK_TJLD69JI941M73GY8FT2USODF`(`UPDATEBY`) USING BTREE,
  CONSTRAINT `FK_HCQGG17IUNVGKE3GBQF0WHBU7` FOREIGN KEY (`CREATEBY`) REFERENCES `tb_system_user` (`ID`) ON DELETE RESTRICT ON UPDATE RESTRICT,
  CONSTRAINT `FK_TJLD69JI941M73GY8FT2USODF` FOREIGN KEY (`UPDATEBY`) REFERENCES `tb_system_user` (`ID`) ON DELETE RESTRICT ON UPDATE RESTRICT
) ENGINE = InnoDB CHARACTER SET = utf8mb4 COLLATE = utf8mb4_unicode_ci ROW_FORMAT = Dynamic;

-- ----------------------------
-- Records of tb_system_role
-- ----------------------------
INSERT INTO `tb_system_role` VALUES ('297ef6f85d119412015d1194a9e60000', '2005-07-17 03:09:01.000000', '白痴管理员', '1', 1, 1, '2014-07-17 00:12:50.000000', '40288a885cedc960015cedc965cc0000', '40288a885cedc960015cedc965cc0000');
INSERT INTO `tb_system_role` VALUES ('297ef6f85d11c0dd015d11c1664e0000', '2005-07-17 03:57:53.000000', 'superuser', '1', 1, 1, NULL, '40288a885cedc960015cedc965cc0000', NULL);
INSERT INTO `tb_system_role` VALUES ('297ef6f85d11d553015d11d6009a0000', '2005-07-17 04:20:23.000000', '涨多少分', '3343', 2, 1, '2005-07-17 04:46:10.000000', '40288a885cedc960015cedc965cc0000', '40288a885cedc960015cedc965cc0000');
INSERT INTO `tb_system_role` VALUES ('297ef6f85d11eb21015d11ebb0c00000', '2005-07-17 04:44:05.000000', '张三和李四', '12', 12, 1, NULL, '40288a885cedc960015cedc965cc0000', NULL);
INSERT INTO `tb_system_role` VALUES ('297ef6f85d16c26b015d16c273ba0000', '2006-07-17 03:17:08.000000', '超级管理员22', NULL, NULL, NULL, NULL, NULL, NULL);
INSERT INTO `tb_system_role` VALUES ('297ef6f85d16c889015d16c891bf0000', '2006-07-17 03:23:49.000000', '超级管理员33', NULL, NULL, NULL, NULL, NULL, NULL);
INSERT INTO `tb_system_role` VALUES ('297ef6f85d16d4ea015d16d68a050000', '2006-07-17 03:39:05.000000', '销售主管', '负责管理商机，包括新增、修改商机', 3, 1, NULL, '40288a885cedc960015cedc965cc0000', NULL);
INSERT INTO `tb_system_role` VALUES ('40288a7c5d3bb8eb015d3bbb64e20001', '2013-07-17 07:35:23.000000', '总经理', '拥有很多组织管理的权限', 1, 1, NULL, '40288a885cedc960015cedc965cc0000', NULL);
INSERT INTO `tb_system_role` VALUES ('40288a7c5d3ef0c9015d3ef240b80001', '2014-07-17 10:34:09.000000', '普通管理员', '只能管理用户', 1, 1, NULL, '40288a885cedc960015cedc965cc0000', NULL);
INSERT INTO `tb_system_role` VALUES ('40288a7c5d3f85dc015d3f8773330000', '2014-07-17 01:17:07.000000', '客户经理', '管理客户、线索', 2, 1, NULL, '40288a885cedc960015cedc965cc0000', NULL);
INSERT INTO `tb_system_role` VALUES ('40288a7c5d3f85dc015d3f8a6cb60002', '2014-07-17 01:20:22.000000', '权限管理员', '负责管理权限', 2, 1, NULL, '40288a885cedc960015cedc965cc0000', NULL);
INSERT INTO `tb_system_role` VALUES ('40288a7c5d3f85dc015d3f9072420004', '2014-07-17 01:26:57.000000', '用户管理员', '可以管理用户的角色', 1, 1, '2014-07-17 01:27:23.000000', '40288a885cedc960015cedc965cc0000', '40288a885cedc960015cedc965cc0000');
INSERT INTO `tb_system_role` VALUES ('40288a7c5d3f85dc015d3f9571870007', '2014-07-17 01:32:24.000000', '角色管理员', '可以管理角色', 1, 1, NULL, '40288a885cedc960015cedc965cc0000', NULL);
INSERT INTO `tb_system_role` VALUES ('40288a885cedd2a1015cedd2a6870000', '2028-06-17 04:30:24.000000', '超级管理员', '权限最大，能进行系统管理和组织管理', 0, 1, '2024-02-27 14:44:02.143000', NULL, '40288a885cedc960015cedc965cc0000');
INSERT INTO `tb_system_role` VALUES ('40288a885cfc3c29015cfc3c30fe0000', '2001-07-17 11:40:21.000000', '销售经理', '销售经理可以管理线索、分配任务等权限', 0, 1, '2003-07-17 09:12:05.000000', NULL, NULL);

-- ----------------------------
-- Table structure for tb_system_role_function
-- ----------------------------
DROP TABLE IF EXISTS `tb_system_role_function`;
CREATE TABLE `tb_system_role_function`  (
  `ROLEID` varchar(255) CHARACTER SET utf8mb4 COLLATE utf8mb4_unicode_ci NOT NULL,
  `FUNCID` varchar(255) CHARACTER SET utf8mb4 COLLATE utf8mb4_unicode_ci NOT NULL,
  PRIMARY KEY (`ROLEID`, `FUNCID`) USING BTREE,
  INDEX `FK_LP87N1CE3SJMSJCTORJ3Q3NMJ`(`FUNCID`) USING BTREE,
  CONSTRAINT `FK_DCBXQ0H7XMFDVFLPCAWW3XAUC` FOREIGN KEY (`ROLEID`) REFERENCES `tb_system_role` (`ID`) ON DELETE RESTRICT ON UPDATE RESTRICT,
  CONSTRAINT `FK_LP87N1CE3SJMSJCTORJ3Q3NMJ` FOREIGN KEY (`FUNCID`) REFERENCES `tb_system_function` (`ID`) ON DELETE RESTRICT ON UPDATE RESTRICT
) ENGINE = InnoDB CHARACTER SET = utf8mb4 COLLATE = utf8mb4_unicode_ci ROW_FORMAT = Dynamic;

-- ----------------------------
-- Records of tb_system_role_function
-- ----------------------------
INSERT INTO `tb_system_role_function` VALUES ('40288a885cedd2a1015cedd2a6870000', '06a17e8bd3dd11eea03d88a4c297e0b0');
INSERT INTO `tb_system_role_function` VALUES ('40288a885cedd2a1015cedd2a6870000', '1d5095bcd3dd11eea03d88a4c297e0b0');
INSERT INTO `tb_system_role_function` VALUES ('40288a885cedd2a1015cedd2a6870000', '297ef6f85d1692e2015d169436060000');
INSERT INTO `tb_system_role_function` VALUES ('40288a885cedd2a1015cedd2a6870000', '297ef6f85d1704c8015d1706717c0000');
INSERT INTO `tb_system_role_function` VALUES ('40288a885cedd2a1015cedd2a6870000', '297ef7f75d1c4b27015d1c512f0c0000');
INSERT INTO `tb_system_role_function` VALUES ('40288a885cedd2a1015cedd2a6870000', '297ef7f75d2f9e95015d2fa94ede0000');
INSERT INTO `tb_system_role_function` VALUES ('40288a885cedd2a1015cedd2a6870000', '34223b76d40311eea03d88a4c297e0b0');
INSERT INTO `tb_system_role_function` VALUES ('40288a885cedd2a1015cedd2a6870000', '4022854fa8fsafhdaaiuhfada2120001dsf');
INSERT INTO `tb_system_role_function` VALUES ('40288a885cedd2a1015cedd2a6870000', '40288a075d2c5565015d2c5aebb30000');
INSERT INTO `tb_system_role_function` VALUES ('40288a885cedd2a1015cedd2a6870000', '40288a075d2c5565015d2c675adf0001');
INSERT INTO `tb_system_role_function` VALUES ('40288a885cedd2a1015cedd2a6870000', '40288a885cedc960015cedc965cc0000');
INSERT INTO `tb_system_role_function` VALUES ('40288a885cedd2a1015cedd2a6870000', '40288a885cedc960015cedc965cc0010');
INSERT INTO `tb_system_role_function` VALUES ('40288a885cedd2a1015cedd2a6870000', '40288a885cedc960015cedc965cco221');
INSERT INTO `tb_system_role_function` VALUES ('40288a885cedd2a1015cedd2a6870000', '40288a885cee20f8015cee20fdd60000');
INSERT INTO `tb_system_role_function` VALUES ('40288a885cedd2a1015cedd2a6870000', '40288a885cee21cd015cee21d3900000');
INSERT INTO `tb_system_role_function` VALUES ('40288a885cedd2a1015cedd2a6870000', '40288a885cee221e015cee2223580000');
INSERT INTO `tb_system_role_function` VALUES ('40288a885cedd2a1015cedd2a6870000', '40288a885cee227d015cee2283fe0000');
INSERT INTO `tb_system_role_function` VALUES ('40288a885cedd2a1015cedd2a6870000', '40288a885cee22d8015cee22de850000');
INSERT INTO `tb_system_role_function` VALUES ('40288a885cedd2a1015cedd2a6870000', '40288a885d0b5f0b015d0b5fc0a20000');
INSERT INTO `tb_system_role_function` VALUES ('40288a885cedd2a1015cedd2a6870000', '40288a905d2c5312015d2c5758bc0000');
INSERT INTO `tb_system_role_function` VALUES ('40288a885cedd2a1015cedd2a6870000', '46082ff0d40311eea03d88a4c297e0b0');
INSERT INTO `tb_system_role_function` VALUES ('40288a885cedd2a1015cedd2a6870000', '55dd05dcd40311eea03d88a4c297e0b0');
INSERT INTO `tb_system_role_function` VALUES ('40288a885cedd2a1015cedd2a6870000', '6ae30e2ed53b11ee852888a4c297e0b0');
INSERT INTO `tb_system_role_function` VALUES ('40288a885cedd2a1015cedd2a6870000', '73750e65d3de11eea03d88a4c297e0b0');
INSERT INTO `tb_system_role_function` VALUES ('40288a885cedd2a1015cedd2a6870000', '7d5d31e7d53b11ee852888a4c297e0b0');
INSERT INTO `tb_system_role_function` VALUES ('40288a885cedd2a1015cedd2a6870000', '8fa6967dd53b11ee852888a4c297e0b0');
INSERT INTO `tb_system_role_function` VALUES ('40288a885cedd2a1015cedd2a6870000', '95e1ef0cd3d811eea03d88a4c297e0b0');
INSERT INTO `tb_system_role_function` VALUES ('40288a885cedd2a1015cedd2a6870000', '99fe25a6d3de11eea03d88a4c297e0b0');
INSERT INTO `tb_system_role_function` VALUES ('40288a885cedd2a1015cedd2a6870000', 'a6442711d3d811eea03d88a4c297e0b0');
INSERT INTO `tb_system_role_function` VALUES ('40288a885cedd2a1015cedd2a6870000', 'b77bd515d3d811eea03d88a4c297e0b0');
INSERT INTO `tb_system_role_function` VALUES ('40288a885cedd2a1015cedd2a6870000', 'bdd073d8874b4c478bd2d9e847c1a55b');
INSERT INTO `tb_system_role_function` VALUES ('40288a885cedd2a1015cedd2a6870000', 'c320ac55d3db11eea03d88a4c297e0b0');
INSERT INTO `tb_system_role_function` VALUES ('40288a885cedd2a1015cedd2a6870000', 'd2a0bbadd3dc11eea03d88a4c297e0b0');
INSERT INTO `tb_system_role_function` VALUES ('40288a885cedd2a1015cedd2a6870000', 'd5a60de7d0d411ee981388a4c297e0b0');
INSERT INTO `tb_system_role_function` VALUES ('40288a885cedd2a1015cedd2a6870000', 'e1e6762cd3d711eea03d88a4c297e0b0');
INSERT INTO `tb_system_role_function` VALUES ('40288a885cedd2a1015cedd2a6870000', 'f0ffbe56d3dc11eea03d88a4c297e0b0');
INSERT INTO `tb_system_role_function` VALUES ('40288a885cedd2a1015cedd2a6870000', 'fd0b9463d0d411ee981388a4c297e0b0');

-- ----------------------------
-- Table structure for tb_system_user
-- ----------------------------
DROP TABLE IF EXISTS `tb_system_user`;
CREATE TABLE `tb_system_user`  (
  `ID` varchar(255) CHARACTER SET utf8mb4 COLLATE utf8mb4_unicode_ci NOT NULL,
  `CREATETIME` timestamp(6) NULL DEFAULT NULL,
  `EMAIL` varchar(50) CHARACTER SET utf8mb4 COLLATE utf8mb4_unicode_ci NULL DEFAULT NULL,
  `PASSWORD` varchar(32) CHARACTER SET utf8mb4 COLLATE utf8mb4_unicode_ci NULL DEFAULT NULL,
  `PHONE` varchar(13) CHARACTER SET utf8mb4 COLLATE utf8mb4_unicode_ci NULL DEFAULT NULL,
  `SALT` varchar(32) CHARACTER SET utf8mb4 COLLATE utf8mb4_unicode_ci NULL DEFAULT NULL,
  `SORTNUM` int(0) NULL DEFAULT NULL,
  `STATUS` int(0) NULL DEFAULT NULL,
  `UPDATETIME` timestamp(6) NULL DEFAULT NULL,
  `USERNOTE` varchar(255) CHARACTER SET utf8mb4 COLLATE utf8mb4_unicode_ci NULL DEFAULT NULL,
  `USERNAME` varchar(20) CHARACTER SET utf8mb4 COLLATE utf8mb4_unicode_ci NULL DEFAULT NULL,
  `CREATEBY` varchar(255) CHARACTER SET utf8mb4 COLLATE utf8mb4_unicode_ci NULL DEFAULT NULL,
  `UPDATEBY` varchar(255) CHARACTER SET utf8mb4 COLLATE utf8mb4_unicode_ci NULL DEFAULT NULL,
  PRIMARY KEY (`ID`) USING BTREE,
  INDEX `FK_CQF9VOM2I6BHTIDTVGUAV4DFU`(`UPDATEBY`) USING BTREE,
  INDEX `FK_KYGMEXLO8F6DI8IVR1OMK5V2A`(`CREATEBY`) USING BTREE,
  CONSTRAINT `FK_CQF9VOM2I6BHTIDTVGUAV4DFU` FOREIGN KEY (`UPDATEBY`) REFERENCES `tb_system_user` (`ID`) ON DELETE RESTRICT ON UPDATE RESTRICT,
  CONSTRAINT `FK_KYGMEXLO8F6DI8IVR1OMK5V2A` FOREIGN KEY (`CREATEBY`) REFERENCES `tb_system_user` (`ID`) ON DELETE RESTRICT ON UPDATE RESTRICT
) ENGINE = InnoDB CHARACTER SET = utf8mb4 COLLATE = utf8mb4_unicode_ci ROW_FORMAT = Dynamic;

-- ----------------------------
-- Records of tb_system_user
-- ----------------------------
INSERT INTO `tb_system_user` VALUES ('297ef6f85d11a950015d11ae4d940000', '2012-07-17 05:49:52.000000', 'shine123@qq.com', 'shine123', '18-92837465', NULL, 2, 1, '2015-07-17 09:31:12.000000', 'shine123Note', 'bigshine', NULL, '40288a885cedc960015cedc965cc0000');
INSERT INTO `tb_system_user` VALUES ('297ef6f85d16d4ea015d16d9b05d0001', '2006-07-17 03:42:31.000000', 'safe@qq.com', '123456', '121321', NULL, 2, 1, '2015-07-17 09:29:47.000000', '12', 'harien', '40288a885cedc960015cedc965cc0000', '40288a885cedc960015cedc965cc0000');
INSERT INTO `tb_system_user` VALUES ('40288a7c5d3bb8eb015d3bbabdce0000', '2013-07-17 07:34:40.000000', 'sdsa@gmail.com', 'shine12', '18734576616', NULL, 2, 1, '2024-02-25 20:57:46.124000', '拥有经理角色的用户shine12', 'smallshine', '40288a885cedc960015cedc965cc0000', '40288a885cedc960015cedc965cc0000');
INSERT INTO `tb_system_user` VALUES ('40288a7c5d3be573015d3be890460001', '2013-07-17 08:24:43.000000', '333@si.com', 'jiji', '333', NULL, 33, 1, '2015-07-17 09:29:28.000000', '33', 'stiven', '40288a885cedc960015cedc965cc0000', '40288a885cedc960015cedc965cc0000');
INSERT INTO `tb_system_user` VALUES ('40288a7c5d3ef0c9015d3ef38c7b0004', '2014-07-17 10:35:34.000000', 'dif@sina.ocom', '666666', '666', NULL, 121, 1, '2015-07-17 09:29:38.000000', 'sdf', 'jacson', '40288a885cedc960015cedc965cc0000', '40288a885cedc960015cedc965cc0000');
INSERT INTO `tb_system_user` VALUES ('40288a7c5d3ef0c9015d3ef3cafa0005', '2014-07-17 10:35:50.000000', 'fdsf@so.com', '777777', 'wqr', NULL, 22, 1, '2015-07-17 09:29:16.000000', '12', 'tomjan', '40288a885cedc960015cedc965cc0000', '40288a885cedc960015cedc965cc0000');
INSERT INTO `tb_system_user` VALUES ('40288a7c5d3f85dc015d3f8956ec0001', '2014-07-17 01:19:11.000000', 'custmgr@sina.com', 'custmgr', '18065763521', NULL, 1, 1, NULL, '客户经理负责管理客户和线索', 'custmgr', '40288a885cedc960015cedc965cc0000', NULL);
INSERT INTO `tb_system_user` VALUES ('40288a7c5d3f85dc015d3f8bc1940003', '2014-07-17 01:21:49.000000', 'funcmgr@163.com', 'funcmgr', '18073648372', NULL, 2, 1, NULL, '这个用户拥有权限管理员角色 ', 'funcmgr', '40288a885cedc960015cedc965cc0000', NULL);
INSERT INTO `tb_system_user` VALUES ('40288a7c5d3f85dc015d3f9178e40005', '2014-07-17 01:28:04.000000', 'usermgr@sina.com', 'usermgr', '18902938476', NULL, 2, 1, NULL, '该用户拥有用户管理员的角色', 'usermgr', '40288a885cedc960015cedc965cc0000', NULL);
INSERT INTO `tb_system_user` VALUES ('40288a7c5d3f85dc015d3f94f3520006', '2014-07-17 01:31:52.000000', 'rolemgr@sina.com', 'rolemgr', '18029308475', NULL, 2, 1, NULL, '拥有角色管理员的角色', 'rolemgr', '40288a885cedc960015cedc965cc0000', NULL);
INSERT INTO `tb_system_user` VALUES ('40288a885cedc960015cedc965cc0000', '2001-07-17 02:14:13.000000', '23@qq.com', 'admin', '15729407921', 'admin', NULL, 1, '2005-07-17 02:15:05.000000', NULL, 'admin', NULL, NULL);
INSERT INTO `tb_system_user` VALUES ('4028b8815cee7a04015cee7a07682345', '2006-07-17 02:40:39.000000', 'wangfang@qq.com', 'wangfang', '52434', NULL, NULL, 1, NULL, NULL, 'wangfang', NULL, NULL);

-- ----------------------------
-- Table structure for tb_system_user_role
-- ----------------------------
DROP TABLE IF EXISTS `tb_system_user_role`;
CREATE TABLE `tb_system_user_role`  (
  `USERID` varchar(255) CHARACTER SET utf8mb4 COLLATE utf8mb4_unicode_ci NOT NULL,
  `ROLEID` varchar(255) CHARACTER SET utf8mb4 COLLATE utf8mb4_unicode_ci NOT NULL,
  PRIMARY KEY (`USERID`, `ROLEID`) USING BTREE,
  INDEX `FK_6FF23SEU31CPLF3V38WIEYERP`(`ROLEID`) USING BTREE,
  CONSTRAINT `FK_6FF23SEU31CPLF3V38WIEYERP` FOREIGN KEY (`ROLEID`) REFERENCES `tb_system_role` (`ID`) ON DELETE RESTRICT ON UPDATE RESTRICT,
  CONSTRAINT `FK_IODOG4M0PORRMF4R62S1CIB15` FOREIGN KEY (`USERID`) REFERENCES `tb_system_user` (`ID`) ON DELETE RESTRICT ON UPDATE RESTRICT
) ENGINE = InnoDB CHARACTER SET = utf8mb4 COLLATE = utf8mb4_unicode_ci ROW_FORMAT = Dynamic;

-- ----------------------------
-- Records of tb_system_user_role
-- ----------------------------
INSERT INTO `tb_system_user_role` VALUES ('40288a7c5d3ef0c9015d3ef3cafa0005', '297ef6f85d119412015d1194a9e60000');
INSERT INTO `tb_system_user_role` VALUES ('40288a7c5d3bb8eb015d3bbabdce0000', '40288a7c5d3bb8eb015d3bbb64e20001');
INSERT INTO `tb_system_user_role` VALUES ('297ef6f85d11a950015d11ae4d940000', '40288a7c5d3ef0c9015d3ef240b80001');
INSERT INTO `tb_system_user_role` VALUES ('40288a7c5d3f85dc015d3f8956ec0001', '40288a7c5d3f85dc015d3f8773330000');
INSERT INTO `tb_system_user_role` VALUES ('40288a7c5d3f85dc015d3f8bc1940003', '40288a7c5d3f85dc015d3f8a6cb60002');
INSERT INTO `tb_system_user_role` VALUES ('40288a7c5d3f85dc015d3f9178e40005', '40288a7c5d3f85dc015d3f9072420004');
INSERT INTO `tb_system_user_role` VALUES ('40288a7c5d3f85dc015d3f94f3520006', '40288a7c5d3f85dc015d3f9571870007');
INSERT INTO `tb_system_user_role` VALUES ('40288a885cedc960015cedc965cc0000', '40288a885cedd2a1015cedd2a6870000');
INSERT INTO `tb_system_user_role` VALUES ('40288a885cedc960015cedc965cc0000', '40288a885cfc3c29015cfc3c30fe0000');

SET FOREIGN_KEY_CHECKS = 1;
